dataset,model,cv,auc,ap,prevalence
mold_lab_cn7,logreg,StratifiedGroupKFold(pair),0.9425805498078628,0.45545356454213687,0.014037985136251032
mold_lab_cn7,tree_d3,StratifiedGroupKFold(pair),0.8215834072322398,0.1304687106873085,0.014037985136251032
mold_lab_cn7,rf,StratifiedGroupKFold(pair),0.9540595132525371,0.4168508013647937,0.014037985136251032
mold_lab_cn7,rf_LEAKY_random_split,StratifiedKFold (pair leak),0.9634693073209184,0.45261075347578106,0.014037985136251032
mold_lab_cn7,rf_temporal_70_30,time-ordered holdout,,,0.0
mold_lab_rg3,logreg,StratifiedGroupKFold(pair),0.40478824546240283,0.017250385818730975,0.021150592216582064
mold_lab_rg3,tree_d3,StratifiedGroupKFold(pair),0.3980466724286949,0.017662665999563842,0.021150592216582064
mold_lab_rg3,rf,StratifiedGroupKFold(pair),0.5038375108038029,0.025685845112082592,0.021150592216582064
mold_lab_rg3,rf_LEAKY_random_split,StratifiedKFold (pair leak),0.5501123595505617,0.024294129825053856,0.021150592216582064
mold_lab_rg3,rf_temporal_70_30,time-ordered holdout,0.6212989493791786,0.1142692228301847,0.016901408450704224
