dataset,a,b,kind,auc_gain_over_best_solo,auc_interaction,auc_solo_a,auc_solo_b
mold_lab_cn7,Max_Screw_RPM,Barrel_Temperature_4,ratio,0.16941237514593338,0.738941496951615,0.5695291218056816,0.5507199377351149
mold_lab_cn7,Injection_Time,Max_Injection_Speed,prod,0.16072123492022317,0.8091840705668699,0.6484628356466468,0.647879102347905
mold_lab_cn7,Filling_Time,Max_Injection_Speed,prod,0.15203009469451284,0.8091840705668698,0.657153975872357,0.647879102347905
mold_lab_cn7,Max_Screw_RPM,Barrel_Temperature_4,prod,0.14191205084965625,0.7114411726553378,0.5695291218056816,0.5507199377351149
mold_lab_cn7,Injection_Time,Filling_Time,prod,0.13607471786223901,0.793228693734596,0.6484628356466468,0.657153975872357
mold_lab_cn7,Max_Screw_RPM,Barrel_Temperature_1,prod,0.12161110390452723,0.6911402257102088,0.5695291218056816,0.5295109612141653
mold_lab_cn7,Barrel_Temperature_3,Barrel_Temperature_6,prod,0.1208327928395383,0.6936697366714231,0.5692696847840186,0.5728369438318848
mold_lab_cn7,Average_Screw_RPM,Barrel_Temperature_3,ratio,0.1171358152808406,0.6864055000648592,0.5683616552081983,0.5692696847840186
mold_lab_cn7,Max_Screw_RPM,Barrel_Temperature_1,ratio,0.11538461538461553,0.6849137371902971,0.5695291218056816,0.5295109612141653
mold_lab_cn7,Plasticizing_Time,Clamp_Close_Time,diff,0.11493060059670518,0.9291088338305876,0.8141782332338825,0.8020495524711375
mold_lab_cn7,Cushion_Position,Hopper_Temperature,ratio,0.11460630431962637,0.835127772733169,0.7205214684135426,0.684913737190297
mold_lab_cn7,Clamp_Close_Time,Average_Back_Pressure,diff,0.11337397846672725,0.9447399143857829,0.8020495524711375,0.8313659359190556
mold_lab_cn7,Clamp_Close_Time,Max_Back_Pressure,diff,0.11058503048384999,0.9489557659878064,0.8020495524711375,0.8383707355039565
mold_lab_cn7,Barrel_Temperature_1,Barrel_Temperature_6,prod,0.09929952004150988,0.6721364638733947,0.5295109612141653,0.5728369438318848
mold_lab_cn7,Clamp_Close_Time,Cushion_Position,diff,0.0991049422752629,0.9011544947464004,0.8020495524711375,0.7205214684135426
mold_lab_rg3,Injection_Time,Max_Injection_Speed,ratio,0.1305878750765463,0.6439834660134721,0.5017605633802817,0.5133955909369259
mold_lab_rg3,Plasticizing_Position,Average_Back_Pressure,ratio,0.1253444580526638,0.6601347213717085,0.512515309246785,0.5347902633190447
mold_lab_rg3,Plasticizing_Time,Plasticizing_Position,ratio,0.11703919167176968,0.650260257195346,0.5332210655235763,0.512515309246785
mold_lab_rg3,Max_Injection_Speed,Max_Back_Pressure,ratio,0.11577617881200242,0.6479255970606246,0.5133955909369259,0.5321494182486222
mold_lab_rg3,Plasticizing_Time,Average_Screw_RPM,prod,0.10884874464176364,0.6535517452541335,0.5332210655235763,0.5447030006123699
mold_lab_rg3,Clamp_Close_Time,Max_Screw_RPM,ratio,0.0975581751377832,0.6221677893447642,0.524609614206981,0.5115967544396816
mold_lab_rg3,Hopper_Temperature,Mold_Temperature_3,ratio,0.09476423759951008,0.6485379669320268,0.5537737293325168,0.5354409063074097
mold_lab_rg3,Clamp_Close_Time,Barrel_Temperature_2,ratio,0.09288885486834042,0.6174984690753215,0.524609614206981,0.5146586037966931
mold_lab_rg3,Max_Injection_Pressure,Hopper_Temperature,ratio,0.08948254745866507,0.6432562767911818,0.5039421310471525,0.5537737293325168
mold_lab_rg3,Plasticizing_Position,Barrel_Temperature_6,ratio,0.08768371096142069,0.6002372933251684,0.512515309246785,0.5125535823637477
mold_lab_rg3,Barrel_Temperature_4,Mold_Temperature_3,prod,0.0867268830373546,0.6221677893447642,0.5260257195345989,0.5354409063074097
mold_lab_rg3,Plasticizing_Time,Plasticizing_Position,prod,0.0853490508266993,0.6185701163502756,0.5332210655235763,0.512515309246785
mold_lab_rg3,Plasticizing_Position,Max_Back_Pressure,ratio,0.08198101653398648,0.6141304347826086,0.512515309246785,0.5321494182486222
mold_lab_rg3,Max_Injection_Speed,Hopper_Temperature,ratio,0.0816365584813229,0.6354102878138397,0.5133955909369259,0.5537737293325168
mold_lab_rg3,Barrel_Temperature_2,Barrel_Temperature_3,prod,0.08087109614206978,0.6423377219840783,0.5146586037966931,0.5614666258420086
