dataset,leaf,n,share_of_rows,fail_rate,share_of_all_fails,lift
mold_lab_cn7,10,51,0.08415841584158416,0.2549019607843137,1.0,11.88235294117647
mold_lab_cn7,2,16,0.026402640264026403,0.0,0.0,0.0
mold_lab_cn7,3,433,0.7145214521452146,0.0,0.0,0.0
mold_lab_cn7,6,18,0.0297029702970297,0.0,0.0,0.0
mold_lab_cn7,7,72,0.1188118811881188,0.0,0.0,0.0
mold_lab_cn7,9,16,0.026402640264026403,0.0,0.0,0.0
mold_lab_rg3,5,359,0.6074450084602369,0.06128133704735376,0.9565217391304348,1.5746639215211335
mold_lab_rg3,4,89,0.1505922165820643,0.011235955056179775,0.043478260869565216,0.28871519296531506
mold_lab_rg3,1,81,0.13705583756345177,0.0,0.0,0.0
mold_lab_rg3,6,62,0.10490693739424704,0.0,0.0,0.0
