feature,auc,mwu_p,median_normal,median_outlier,auc_abs
AI2_Current_acf1,0.0,1.7778514003797232e-10,0.9276319545197144,0.5220131069182967,0.5
AI2_Current_spec_entropy,1.0,1.7778514003797232e-10,0.9101351456426443,2.133574632114409,0.5
AI2_Current_crest,1.0,1.7778514003797232e-10,1.4549130116535278,1.948294335886649,0.5
AI2_Current_centroid,1.0,1.7778514003797232e-10,0.598749762126537,1.732202919230693,0.5
AI2_Current_bandhigh,1.0,1.7778514003797232e-10,0.0005836522224751834,0.211711355576698,0.5
AI1_Vibration_acf1,0.9995469646632438,1.8462106017148746e-10,0.2627579790305327,0.6779185178437644,0.4995469646632438
AI1_Vibration_centroid,0.000906070673512534,1.917135555386969e-10,2.0690913746136976,1.2909782020358067,0.49909392932648744
AI1_Vibration_zcr,0.0012836001208094232,1.8456113150477983e-10,0.3793103448275862,0.14285714285714285,0.4987163998791906
AI2_Current_kurt,0.9886741165810933,4.521482244066768e-10,-1.4554223902995767,-0.5439224118231964,0.4886741165810933
AI0_Vibration_bandhigh,0.031108426457263666,2.1982997717171973e-09,0.5133679063510849,0.025361040836514533,0.46889157354273636
AI0_Vibration_zcr,0.031787979462398065,2.3067417010686164e-09,0.5238095238095238,0.20204081632653062,0.4682120205376019
AI1_Vibration_p2p,0.9673059498640894,2.4880070028598685e-09,0.308,1.0755,0.46730594986408935
AI1_Vibration_peak,0.9661733615221987,2.7166686235266014e-09,0.177,0.6605000000000001,0.4661733615221987
AI0_Vibration_acf1,0.9657203261854425,2.8162585954085722e-09,-0.009809955732536244,0.7212311316979176,0.46572032618544246
AI1_Vibration_rms,0.9601328903654485,4.340502830599647e-09,0.09025253459044792,0.24167959374933293,0.46013289036544847
AI0_Vibration_peak,0.9478254303835699,1.1048999234959457e-08,0.157,1.077,0.4478254303835699
AI1_Vibration_std,0.946843853820598,1.1904559081873354e-08,0.08900768728071598,0.2367486694098611,0.446843853820598
AI0_Vibration_rms,0.9438236182422229,1.4914251776343162e-08,0.06995284125752148,0.3822769391517582,0.44382361824222294
AI0_Vibration_centroid,0.056931440652370886,1.577521834885268e-08,2.5484353580627754,1.192357703265026,0.4430685593476291
AI0_Vibration_p2p,0.9300815463606161,4.082594456671393e-08,0.28700000000000003,2.0115,0.43008154636061613
corr_AI0_AI1,0.07037148897614014,4.2195615898216954e-08,0.28152204519567886,-0.352284881169762,0.42962851102385985
AI0_Vibration_std,0.9293264874660223,4.312475914625778e-08,0.06976559610581709,0.3810811797584136,0.4293264874660223
AI1_Vibration_skew,0.09740259740259741,2.7994605089503794e-07,0.24970645884578677,-0.54232291278729,0.4025974025974026
AI1_Vibration_kurt,0.8751132588341891,1.7034737577442936e-06,-0.9949851168922947,0.873701134639882,0.3751132588341891
AI0_Vibration_kurt,0.8557837511325883,5.649629189722013e-06,-0.5373042492494924,1.3403819450394439,0.3557837511325883
AI2_Current_peak,0.8116128057988523,6.851515260006062e-05,150.0,259.0,0.3116128057988523
AI1_Vibration_crest,0.8103292056780429,7.524479965110355e-05,1.9756935285840471,2.531529474005402,0.3103292056780429
AI1_Vibration_spec_entropy,0.7623074599818785,0.0008190675406609243,1.472735966632444,2.0241687176955807,0.26230745998187854
AI1_Vibration_bandhigh,0.24871639987919059,0.0013478258926732428,0.15413906763460916,0.06354600632131874,0.2512836001208094
AI0_Vibration_crest,0.7411658109332528,0.002094556231324121,2.2312108024234236,2.6496658327262494,0.24116581093325284
AI0_Vibration_skew,0.6549380851706433,0.04813682137781505,0.022805174149705815,0.286470062944066,0.15493808517064334
AI2_Current_p2p,0.6350045303533676,0.08488523160049495,300.0,349.0,0.13500453035336757
AI2_Current_rms,0.6276049531863486,0.1036589500220555,101.32127121192272,131.11180841711885,0.12760495318634857
AI2_Current_std,0.37813349441256416,0.1201507208538325,100.44222219763957,93.26939046068836,0.12186650558743584
AI2_Current_zcr,0.603518574448807,0.17919638498271628,0.12244897959183673,0.16521739130434782,0.10351857444880697
AI2_Current_skew,0.5604047115675023,0.44139224846853353,0.0008926201441798398,0.15269661451176697,0.06040471156750227
AI0_Vibration_spec_entropy,0.4498640893989731,0.5229485034099728,1.882877227372431,1.7708670902093284,0.0501359106010269
