prod_bin,n_lo,n_hi,feature,median_low_peak_days,median_high_peak_days,mwu_p
"(95.999, 12284.0]",11,10,active_hours,7.0,7.0,0.9422869068467841
"(95.999, 12284.0]",11,10,temp,22.275000000000002,13.118749999999999,0.00827421565071521
"(95.999, 12284.0]",11,10,kwh_proxy,4129.0,6038.0,0.00028465577253853497
"(95.999, 12284.0]",11,10,kw_mean,43.010416666666664,62.895833333333336,0.00028465577253853497
"(95.999, 12284.0]",11,10,prod,8692.0,6182.0,0.09796098392599256
"(12284.0, 60580.0]",9,10,active_hours,13.0,17.0,0.10096299076423534
"(12284.0, 60580.0]",9,10,temp,15.804166666666667,21.154166666666665,0.2703441406547801
"(12284.0, 60580.0]",9,10,kwh_proxy,11659.0,10875.0,0.26950235815669366
"(12284.0, 60580.0]",9,10,kw_mean,121.44791666666667,113.28125,0.26950235815669366
"(12284.0, 60580.0]",9,10,prod,54688.0,53950.0,0.7133031738784577
"(60580.0, 66324.0]",10,9,active_hours,23.0,17.0,0.1728255591128205
"(60580.0, 66324.0]",10,9,temp,17.158333333333335,14.9125,0.7133031738784577
"(60580.0, 66324.0]",10,9,kwh_proxy,11753.0,13231.0,0.09373334688989976
"(60580.0, 66324.0]",10,9,kw_mean,122.42708333333333,137.82291666666666,0.09373334688989976
"(60580.0, 66324.0]",10,9,prod,62722.0,63308.0,0.30743416592739536
"(66324.0, 72240.0]",8,10,active_hours,22.5,22.0,0.8923028912661355
"(66324.0, 72240.0]",8,10,temp,18.635416666666664,23.40416666666667,0.14571049865167512
"(66324.0, 72240.0]",8,10,kwh_proxy,11476.5,12474.0,0.08313908313908314
"(66324.0, 72240.0]",8,10,kw_mean,119.546875,129.9375,0.08313908313908314
"(66324.0, 72240.0]",8,10,prod,69274.0,69356.0,0.7897042781932001
"(72240.0, 82404.0]",9,9,active_hours,23.0,23.0,1.0
"(72240.0, 82404.0]",9,9,temp,16.283333333333335,23.25,0.0004122948020616912
"(72240.0, 82404.0]",9,9,kwh_proxy,11649.0,13323.0,0.00039825957899760044
"(72240.0, 82404.0]",9,9,kw_mean,121.34375,138.78125,0.00039825957899760044
"(72240.0, 82404.0]",9,9,prod,76192.0,77844.0,1.0
"(82404.0, 117116.0]",8,8,active_hours,23.0,23.0,0.5802239392511108
"(82404.0, 117116.0]",8,8,temp,15.695833333333335,26.84791666666667,0.0001554001554001554
"(82404.0, 117116.0]",8,8,kwh_proxy,11566.5,13356.0,0.06588276418872593
"(82404.0, 117116.0]",8,8,kw_mean,120.484375,139.125,0.06588276418872593
"(82404.0, 117116.0]",8,8,prod,87608.0,94066.0,0.8784770784770783
