method,cluster,n,mean_peak_kw,mean_duration,mean_rise_steps,mean_rise_slope,median_hour,mean_production,mean_temp,clean_window_share
euclidean_ward,0,182,182.3021978021978,2.291208791208791,0.5769230769230769,23.526556776556774,11.0,1260.2307692307693,17.18296703296703,0.2692307692307692
euclidean_ward,1,106,162.37735849056602,1.5660377358490567,0.2358490566037736,12.080188679245284,11.0,1161.801886792453,19.219811320754715,0.44339622641509435
euclidean_ward,2,145,180.93103448275863,1.6896551724137931,0.30344827586206896,10.332512315270936,11.0,1296.151724137931,17.329655172413794,0.2896551724137931
euclidean_ward,3,252,185.98809523809524,2.8055555555555554,0.6428571428571429,22.239285714285714,9.0,913.7380952380952,16.690873015873017,0.2777777777777778
dtw_average,0,389,182.37532133676092,1.8406169665809768,0.39331619537275064,17.101113967437875,11.0,1321.0411311053986,17.60642673521851,0.2802056555269923
dtw_average,1,17,180.2941176470588,1.1176470588235294,0.058823529411764705,14.882352941176471,9.0,717.4705882352941,15.5,0.35294117647058826
dtw_average,2,263,185.46768060836501,2.9771863117870723,0.6920152091254753,21.663552417164585,9.0,930.1711026615969,16.705703422053233,0.30038022813688214
dtw_average,3,16,44.25,1.0625,0.0,3.875,13.0,0.0,23.59375,0.875
kmeans_euclid,0,130,166.16153846153847,1.6923076923076923,0.35384615384615387,13.565384615384616,11.0,1031.8307692307692,18.01615384615385,0.4153846153846154
kmeans_euclid,1,154,182.7792207792208,2.2857142857142856,0.5454545454545454,24.946969696969695,10.0,1234.077922077922,17.716233766233763,0.2597402597402597
kmeans_euclid,2,165,181.0121212121212,1.3696969696969696,0.1696969696969697,10.912121212121212,11.0,1368.0363636363636,17.35878787878788,0.2787878787878788
kmeans_euclid,3,236,185.92796610169492,3.1228813559322033,0.7542372881355932,22.283958837772396,9.0,935.6144067796611,16.73262711864407,0.288135593220339
