날짜,kw_peak,kw_mean,kwh_proxy,prod,temp,dow,month,active_hours,clean,kwh_per_unit,peak_per_unit,bin
20210104,173,121.44791666666667,11659,54688,1.0,1,1,13,False,0.21319119368051492,0.0031633996489174956,"(12284.0, 60580.0]"
20210107,182,104.25,10008,67220,-6.545833333333333,4,1,20,False,0.14888426063671525,0.002707527521570961,"(66324.0, 72240.0]"
20210108,180,125.42708333333333,12041,87132,-8.825000000000001,5,1,21,False,0.13819262727815268,0.0020658311527337833,"(82404.0, 117116.0]"
20210109,181,85.79166666666667,8236,2668,-6.7625,6,1,4,False,3.0869565217391304,0.06784107946026986,"(95.999, 12284.0]"
20210111,175,127.20833333333333,12212,45068,-1.2583333333333333,1,1,16,False,0.2709683145469069,0.003883021212390166,"(12284.0, 60580.0]"
20210114,204,112.25,10776,70244,6.958333333333333,4,1,21,False,0.15340812026649964,0.002904162633107454,"(66324.0, 72240.0]"
20210115,198,137.82291666666666,13231,57380,10.0625,5,1,21,False,0.23058556988497733,0.0034506796793307773,"(12284.0, 60580.0]"
20210116,185,79.47916666666667,7630,2796,4.6375,6,1,5,False,2.728898426323319,0.0661659513590844,"(95.999, 12284.0]"
20210117,197,140.35416666666666,13474,96,-1.5291666666666668,7,1,1,False,140.35416666666666,2.0520833333333335,"(95.999, 12284.0]"
20210118,186,133.5,12816,60580,0.7208333333333333,1,1,16,False,0.2115549686365137,0.003070320237702212,"(60580.0, 66324.0]"
20210121,208,112.41666666666667,10792,68860,6.729166666666667,4,1,24,False,0.1567237873947139,0.003020621550972989,"(66324.0, 72240.0]"
20210122,189,133.82291666666666,12847,61228,9.070833333333333,5,1,22,False,0.20982230352126477,0.0030868230221467305,"(60580.0, 66324.0]"
20210123,174,128.92708333333334,12377,12720,10.329166666666667,6,1,9,False,0.9730345911949686,0.013679245283018868,"(12284.0, 60580.0]"
20210125,186,134.9375,12954,57764,8.870833333333334,1,1,15,False,0.22425732290007616,0.003219998615054359,"(12284.0, 60580.0]"
20210128,198,112.07291666666667,10759,55320,3.75,4,1,23,False,0.19448662328271873,0.003579175704989154,"(12284.0, 60580.0]"
20210129,222,137.88541666666666,13237,65360,-3.608333333333333,5,1,23,False,0.20252447980416158,0.0033965728274173808,"(60580.0, 66324.0]"
20210130,193,131.63541666666666,12637,6128,2.029166666666667,6,1,8,False,2.0621736292428197,0.031494778067885115,"(95.999, 12284.0]"
20210201,195,128.67708333333334,12353,81472,10.629166666666666,1,2,16,False,0.15162264336213668,0.002393460329929301,"(72240.0, 82404.0]"
20210202,191,129.32291666666666,12415,80512,1.9041666666666666,2,2,23,False,0.1542006160572337,0.0023723171701112876,"(72240.0, 82404.0]"
20210203,181,127.27083333333333,12218,58144,-0.5291666666666667,3,2,24,False,0.21013346175013758,0.0031129609246009905,"(12284.0, 60580.0]"
20210204,173,121.44791666666667,11659,57644,3.6666666666666665,4,2,24,False,0.20225869127749635,0.0030011796544306434,"(12284.0, 60580.0]"
20210205,116,46.260416666666664,4441,76192,4.825,5,2,22,False,0.058286959260814786,0.001522469550608988,"(72240.0, 82404.0]"
20210206,113,47.177083333333336,4529,11484,8.549999999999999,6,2,7,False,0.3943747823058168,0.009839777081156392,"(95.999, 12284.0]"
20210208,180,125.42708333333333,12041,62828,2.2958333333333334,1,2,15,False,0.191650219647291,0.002864964665435793,"(60580.0, 66324.0]"
20210209,181,126.86458333333333,12179,60656,1.6458333333333333,2,2,24,False,0.20078805064626748,0.0029840411500923238,"(60580.0, 66324.0]"
20210210,177,126.07291666666667,12103,30304,6.029166666666666,3,2,15,False,0.3993862196409715,0.0058408130939809925,"(12284.0, 60580.0]"
20210215,198,137.82291666666666,13231,63308,8.950000000000001,1,2,15,False,0.20899412396537562,0.0031275668162001643,"(60580.0, 66324.0]"
20210216,193,135.32291666666666,12991,77064,1.1166666666666667,2,2,24,False,0.16857417211668224,0.002504411917367383,"(72240.0, 82404.0]"
20210217,197,140.35416666666666,13474,78512,-3.6125000000000003,3,2,24,False,0.17161707764418177,0.0025091705726513146,"(72240.0, 82404.0]"
20210218,186,133.5,12816,64732,-4.05,4,2,21,False,0.19798554038188224,0.002873385651609714,"(60580.0, 66324.0]"
20210219,119,46.3125,4446,83144,3.9166666666666665,5,2,24,False,0.05347349177330896,0.0014312518040989128,"(82404.0, 117116.0]"
20210220,113,47.177083333333336,4529,9712,12.908333333333333,6,2,8,False,0.466330313014827,0.01163509060955519,"(95.999, 12284.0]"
20210222,189,133.82291666666666,12847,81092,16.941666666666666,1,2,16,False,0.15842499876683272,0.002330686134267252,"(72240.0, 82404.0]"
20210223,174,128.92708333333334,12377,80196,6.708333333333333,2,2,24,False,0.15433438076712055,0.002169684273529852,"(72240.0, 82404.0]"
20210224,190,135.80208333333334,13037,59916,5.920833333333333,3,2,23,False,0.21758795647239468,0.003171106215368182,"(12284.0, 60580.0]"
20210225,186,134.9375,12954,78284,6.858333333333333,4,2,21,False,0.16547442644729446,0.0023759644371774565,"(72240.0, 82404.0]"
20210226,131,50.177083333333336,4817,67744,8.5875,5,2,23,False,0.07110592820028341,0.0019337505904581955,"(66324.0, 72240.0]"
20210227,113,47.177083333333336,4529,9460,7.125,6,2,9,False,0.4787526427061311,0.011945031712473573,"(95.999, 12284.0]"
20210302,191,129.32291666666666,12415,73068,2.8833333333333333,2,3,17,False,0.16991022061641212,0.002614003394098648,"(72240.0, 82404.0]"
20210303,181,127.27083333333333,12218,68880,4.4125,3,3,23,False,0.1773809523809524,0.002627758420441347,"(66324.0, 72240.0]"
20210304,173,121.44791666666667,11659,58000,7.920833333333333,4,3,23,False,0.20101724137931035,0.0029827586206896553,"(12284.0, 60580.0]"
20210306,116,46.260416666666664,4441,9448,7.429166666666667,6,3,8,False,0.47004657070279426,0.012277730736663843,"(95.999, 12284.0]"
20210308,180,125.42708333333333,12041,57448,6.229166666666667,1,3,16,False,0.20959824536972566,0.0031332683470268767,"(12284.0, 60580.0]"
20210309,181,126.86458333333333,12179,69968,8.320833333333333,2,3,23,False,0.17406528698833754,0.0025868968671392636,"(66324.0, 72240.0]"
20210310,177,126.07291666666667,12103,54076,9.004166666666666,3,3,21,False,0.22381463125970855,0.0032731710925364304,"(12284.0, 60580.0]"
20210311,175,127.20833333333333,12212,71596,8.916666666666666,4,3,23,False,0.1705681881669367,0.0024442706296441143,"(66324.0, 72240.0]"
20210313,116,46.260416666666664,4441,6440,9.954166666666667,6,3,9,False,0.6895962732919255,0.018012422360248446,"(95.999, 12284.0]"
20210315,198,137.82291666666666,13231,65492,12.25,1,3,16,False,0.2020246747694375,0.0030232700177120868,"(60580.0, 66324.0]"
20210316,193,135.32291666666666,12991,77764,15.529166666666667,2,3,24,False,0.16705673576462116,0.002481868216655522,"(72240.0, 82404.0]"
20210317,197,140.35416666666666,13474,63228,9.975,3,3,23,False,0.21310179034604923,0.0031157082305307776,"(60580.0, 66324.0]"
20210318,186,133.5,12816,63756,9.779166666666667,4,3,23,False,0.2010163749294184,0.002917372482589874,"(60580.0, 66324.0]"
20210320,116,46.260416666666664,4441,5188,10.375,6,3,7,False,0.8560138781804163,0.02235929067077872,"(95.999, 12284.0]"
20210322,189,133.82291666666666,12847,83476,7.695833333333333,1,3,16,False,0.15390052230581244,0.0022641238200201254,"(82404.0, 117116.0]"
20210323,174,128.92708333333334,12377,85672,11.491666666666667,2,3,24,False,0.14446960500513586,0.0020310019609674104,"(82404.0, 117116.0]"
20210324,190,135.80208333333334,13037,65136,13.154166666666667,3,3,21,False,0.20015045443380006,0.0029169737165315648,"(60580.0, 66324.0]"
20210325,186,134.9375,12954,75468,13.833333333333334,4,3,21,False,0.17164891079662903,0.0024646207664175543,"(72240.0, 82404.0]"
20210327,116,46.260416666666664,4441,7868,13.316666666666668,6,3,7,False,0.5644382308083375,0.014743263853584139,"(95.999, 12284.0]"
20210329,222,137.88541666666666,13237,62008,16.125,1,3,17,False,0.21347245516707522,0.0035801832021674623,"(60580.0, 66324.0]"
20210330,193,131.63541666666666,12637,96848,13.458333333333334,2,3,24,False,0.1304828184371386,0.0019928134809185528,"(82404.0, 117116.0]"
20210401,184,101.02083333333333,9698,59284,13.2875,4,4,22,False,0.16358545307334188,0.003103704203495041,"(12284.0, 60580.0]"
20210402,181,130.59375,12537,8536,14.0,5,4,7,False,1.4687207122774133,0.021204311152764763,"(95.999, 12284.0]"
20210403,118,45.520833333333336,4370,224,14.549999999999999,6,4,1,False,19.508928571428573,0.5267857142857143,"(95.999, 12284.0]"
20210405,184,101.02083333333333,9698,70836,10.0375,1,4,16,False,0.13690778700095996,0.0025975492687334125,"(66324.0, 72240.0]"
20210406,181,130.59375,12537,72240,11.316666666666668,2,4,24,False,0.17354651162790696,0.0025055370985603543,"(72240.0, 82404.0]"
20210407,199,103.47916666666667,9934,66224,14.9125,3,4,23,False,0.15000604010630586,0.003004952887170814,"(60580.0, 66324.0]"
20210408,181,119.71875,11493,60272,13.070833333333333,4,4,22,False,0.19068555880010618,0.003003052827183435,"(12284.0, 60580.0]"
20210409,184,102.67708333333333,9857,63580,9.179166666666667,5,4,23,False,0.15503302925448254,0.0028939918213274616,"(60580.0, 66324.0]"
20210410,115,45.729166666666664,4390,12220,8.904166666666667,6,4,7,False,0.35924713584288054,0.009410801963993453,"(95.999, 12284.0]"
20210412,182,123.47916666666667,11854,64504,12.691666666666668,1,4,15,False,0.18377154905122162,0.002821530447724172,"(60580.0, 66324.0]"
20210413,182,123.47916666666667,11854,83400,17.429166666666667,2,4,20,False,0.14213429256594723,0.002182254196642686,"(82404.0, 117116.0]"
20210414,182,123.47916666666667,11854,70844,10.633333333333335,3,4,23,False,0.16732539099994354,0.002569024899779798,"(66324.0, 72240.0]"
20210415,182,123.47916666666667,11854,64808,11.170833333333334,4,4,22,False,0.18290951734353783,0.0028082952721886186,"(60580.0, 66324.0]"
20210416,182,123.47916666666667,11854,79012,13.916666666666666,5,4,23,False,0.15002784387181695,0.002303447577583152,"(72240.0, 82404.0]"
20210417,115,45.729166666666664,4390,11912,14.375,6,4,8,False,0.36853593015446606,0.009654130288784419,"(95.999, 12284.0]"
20210419,172,99.17708333333333,9521,59256,16.458333333333332,1,4,14,False,0.16067571216416904,0.0029026596462805453,"(12284.0, 60580.0]"
20210420,172,99.17708333333333,9521,62588,17.654166666666665,2,4,23,False,0.15212181248801687,0.0027481306320700453,"(60580.0, 66324.0]"
20210421,174,122.42708333333333,11753,62616,17.408333333333335,3,4,18,False,0.18769962948767088,0.0027788424683786892,"(60580.0, 66324.0]"
20210422,174,122.42708333333333,11753,69444,18.058333333333334,4,4,22,False,0.16924428316341225,0.00250561603594263,"(66324.0, 72240.0]"
20210423,174,122.42708333333333,11753,55412,15.804166666666667,5,4,21,False,0.2121020717534108,0.0031401140547173897,"(12284.0, 60580.0]"
20210424,112,43.010416666666664,4129,11616,14.833333333333334,6,4,7,False,0.35545798898071623,0.009641873278236915,"(95.999, 12284.0]"
20210426,176,118.54166666666667,11380,57708,11.970833333333333,1,4,17,False,0.1971996950162889,0.003049837110972482,"(12284.0, 60580.0]"
20210427,176,118.54166666666667,11380,104568,14.241666666666667,2,4,23,False,0.10882870476627649,0.0016831152933975977,"(82404.0, 117116.0]"
20210428,175,121.34375,11649,75704,18.445833333333333,3,4,23,False,0.15387562083905737,0.00231163478812216,"(72240.0, 82404.0]"
20210429,175,121.34375,11649,82404,16.283333333333335,4,4,23,False,0.14136449686908403,0.002123683316343867,"(72240.0, 82404.0]"
20210430,174,122.42708333333333,11753,62468,16.666666666666668,5,4,23,False,0.18814432989690721,0.0027854261381827497,"(60580.0, 66324.0]"
20210501,118,45.520833333333336,4370,11168,12.237499999999999,6,5,8,False,0.39129656160458454,0.010565902578796561,"(95.999, 12284.0]"
20210503,184,101.02083333333333,9698,58424,15.35,1,5,16,False,0.16599342735861974,0.003149390661372039,"(12284.0, 60580.0]"
20210504,181,130.59375,12537,65424,16.908333333333335,2,5,24,False,0.19162692589875274,0.0027665688432379557,"(60580.0, 66324.0]"
20210505,120,45.708333333333336,4388,8760,19.133333333333333,3,5,8,False,0.5009132420091325,0.0136986301369863,"(95.999, 12284.0]"
20210506,199,103.47916666666667,9934,86592,16.820833333333333,4,5,16,False,0.11472191426459719,0.0022981337767923136,"(82404.0, 117116.0]"
20210507,181,119.71875,11493,62564,19.033333333333335,5,5,23,False,0.18369989131129724,0.0028930375295697208,"(60580.0, 66324.0]"
20210508,115,45.729166666666664,4390,11392,17.775000000000002,6,5,8,False,0.38535814606741575,0.010094803370786517,"(95.999, 12284.0]"
20210510,184,102.67708333333333,9857,66584,15.204166666666666,1,5,16,False,0.14803856782410188,0.0027634266490448155,"(66324.0, 72240.0]"
20210511,185,127.19791666666667,12211,88352,15.25,2,5,22,False,0.13820852951829046,0.0020938971387178557,"(82404.0, 117116.0]"
20210512,184,126.03125,12099,80756,16.25,3,5,23,False,0.1498216850760315,0.002278468472930804,"(72240.0, 82404.0]"
20210513,176,122.0,11712,70672,18.320833333333333,4,5,24,False,0.16572334163459362,0.002490378084672855,"(66324.0, 72240.0]"
20210514,157,117.09375,11241,69496,19.212500000000002,5,5,21,False,0.16175031656498215,0.002259122827213077,"(66324.0, 72240.0]"
20210515,105,42.322916666666664,4063,2968,18.770833333333332,6,5,4,False,1.368935309973046,0.03537735849056604,"(95.999, 12284.0]"
20210517,192,99.91666666666667,9592,53564,14.416666666666666,1,5,17,False,0.17907549846912105,0.0035844970502576356,"(12284.0, 60580.0]"
20210518,182,123.47916666666667,11854,93644,15.9,2,5,24,False,0.12658579300328907,0.0019435308188458418,"(82404.0, 117116.0]"
20210519,108,41.864583333333336,4019,11960,20.054166666666667,3,5,8,False,0.33603678929765884,0.009030100334448161,"(95.999, 12284.0]"
20210520,181,96.94791666666667,9307,63560,16.4875,4,5,15,False,0.14642857142857144,0.0028477029578351165,"(60580.0, 66324.0]"
20210521,160,116.58333333333333,11192,98064,17.150000000000002,5,5,22,False,0.1141295480502529,0.0016315875346712351,"(82404.0, 117116.0]"
20210522,112,43.010416666666664,4129,10172,19.291666666666668,6,5,5,False,0.4059182068423122,0.01101061738104601,"(95.999, 12284.0]"
20210524,172,99.17708333333333,9521,66340,19.820833333333333,1,5,15,False,0.14351823937292735,0.0025927042508290623,"(66324.0, 72240.0]"
20210525,174,122.42708333333333,11753,88084,19.0125,2,5,23,False,0.13342945370328324,0.001975387130466373,"(82404.0, 117116.0]"
20210526,166,119.375,11460,79776,18.270833333333332,3,5,23,False,0.14365222623345367,0.002080826313678299,"(72240.0, 82404.0]"
20210527,176,118.54166666666667,11380,82468,18.908333333333335,4,5,23,False,0.13799291846534414,0.002134161129165252,"(82404.0, 117116.0]"
20210528,175,121.34375,11649,75492,17.245833333333334,5,5,24,False,0.15430774121761245,0.0023181264239919464,"(72240.0, 82404.0]"
20210529,107,43.770833333333336,4202,12284,19.195833333333333,6,5,8,False,0.3420709866492999,0.008710517746662325,"(95.999, 12284.0]"
20210531,172,100.77083333333333,9674,69104,18.95,1,5,16,False,0.13999189627228525,0.002489002083815698,"(66324.0, 72240.0]"
20210601,195,128.67708333333334,12353,70816,20.170833333333334,2,6,24,False,0.17443798011748757,0.0027536150022593763,"(66324.0, 72240.0]"
20210602,191,129.32291666666666,12415,94480,21.154166666666665,3,6,21,False,0.1314034716342083,0.0020215918712955124,"(82404.0, 117116.0]"
20210603,181,127.27083333333333,12218,91256,18.575,4,6,23,False,0.13388708687647935,0.0019834312264399054,"(82404.0, 117116.0]"
20210604,173,121.44791666666667,11659,65772,20.9375,5,6,23,False,0.1772638812868698,0.0026302986073101016,"(60580.0, 66324.0]"
20210605,116,46.260416666666664,4441,5284,22.208333333333332,6,6,8,False,0.8404617713853142,0.02195306585919758,"(95.999, 12284.0]"
20210607,182,104.25,10008,66496,24.175,1,6,16,False,0.1505052935514918,0.002737006737247353,"(66324.0, 72240.0]"
20210608,180,125.42708333333333,12041,68628,24.070833333333336,2,6,24,False,0.175453167803229,0.0026228361601678615,"(66324.0, 72240.0]"
20210609,181,126.86458333333333,12179,66680,22.504166666666666,3,6,22,False,0.1826484703059388,0.0027144571085782844,"(66324.0, 72240.0]"
20210610,177,126.07291666666667,12103,53068,21.97083333333333,4,6,21,False,0.2280658777417653,0.0033353433330820833,"(12284.0, 60580.0]"
20210611,175,127.20833333333333,12212,64484,20.845833333333335,5,6,23,False,0.18938031139507475,0.002713851498046027,"(60580.0, 66324.0]"
20210612,113,47.177083333333336,4529,9688,21.154166666666665,6,6,7,False,0.467485549132948,0.01166391412056152,"(95.999, 12284.0]"
20210614,204,112.25,10776,52532,21.787499999999998,1,6,14,False,0.20513210995202924,0.0038833472930785047,"(12284.0, 60580.0]"
20210615,198,137.82291666666666,13231,86136,20.683333333333334,2,6,22,False,0.153605925513142,0.00229869044302034,"(82404.0, 117116.0]"
20210616,193,135.32291666666666,12991,67940,19.0625,3,6,23,False,0.1912128348542832,0.002840741831027377,"(66324.0, 72240.0]"
20210617,197,140.35416666666666,13474,66724,18.620833333333334,4,6,23,False,0.20193633475211317,0.0029524608836400696,"(66324.0, 72240.0]"
20210618,186,133.5,12816,65504,20.929166666666667,5,6,22,False,0.1956521739130435,0.0028395212506106497,"(60580.0, 66324.0]"
20210619,119,46.3125,4446,6236,23.083333333333332,6,6,7,False,0.7129570237331623,0.019082745349583066,"(95.999, 12284.0]"
20210621,208,112.41666666666667,10792,62560,22.09583333333333,1,6,16,False,0.1725063938618926,0.0033248081841432226,"(60580.0, 66324.0]"
20210622,189,133.82291666666666,12847,77136,19.583333333333332,2,6,23,False,0.16654998962870773,0.0024502177971375233,"(72240.0, 82404.0]"
20210623,174,128.92708333333334,12377,75580,19.495833333333334,3,6,24,False,0.16376025403545913,0.002302196348240275,"(72240.0, 82404.0]"
20210624,190,135.80208333333334,13037,70572,21.008333333333333,4,6,23,False,0.18473332199739273,0.0026922858924219237,"(66324.0, 72240.0]"
20210625,186,134.9375,12954,71832,22.375,5,6,23,False,0.1803374540594721,0.002589375208820581,"(66324.0, 72240.0]"
20210626,131,50.177083333333336,4817,15252,22.3625,6,6,6,False,0.3158274324678731,0.008589037503278258,"(12284.0, 60580.0]"
20210628,198,112.07291666666667,10759,71228,22.920833333333334,1,6,15,False,0.15105014881788062,0.0027798056943898466,"(66324.0, 72240.0]"
20210629,222,137.88541666666666,13237,84784,22.816666666666666,2,6,23,False,0.15612615587846765,0.002618418569541423,"(82404.0, 117116.0]"
20210630,193,131.63541666666666,12637,74300,22.7375,3,6,21,False,0.1700807537012113,0.002597577388963661,"(72240.0, 82404.0]"
20210701,206,138.78125,13323,73412,22.929166666666664,4,7,24,True,0.18148259140195064,0.0028060807497411865,"(72240.0, 82404.0]"
20210702,187,131.63541666666666,12637,79396,22.516666666666666,5,7,22,True,0.1591641896317195,0.002355282381983979,"(72240.0, 82404.0]"
20210703,112,45.3125,4350,6940,22.275000000000002,6,7,6,True,0.6268011527377522,0.016138328530259365,"(95.999, 12284.0]"
20210705,185,105.59375,10137,62860,23.504166666666666,1,7,16,True,0.1612631244034362,0.0029430480432707604,"(60580.0, 66324.0]"
20210706,193,132.97916666666666,12766,66324,23.52916666666667,2,7,23,True,0.1924793438272722,0.0029099571799047104,"(60580.0, 66324.0]"
20210707,203,134.70833333333334,12932,77628,23.7,3,7,23,True,0.16658937496779513,0.002615035811820477,"(72240.0, 82404.0]"
20210708,201,136.22916666666666,13078,78076,23.25,4,7,21,True,0.1675034581689636,0.002574414672882832,"(72240.0, 82404.0]"
20210709,192,131.38541666666666,12613,66108,22.8,5,7,18,True,0.19079385248381436,0.0029043383554184063,"(60580.0, 66324.0]"
20210710,106,46.083333333333336,4424,1948,25.170833333333334,6,7,5,True,2.271047227926078,0.054414784394250515,"(95.999, 12284.0]"
20210712,198,111.70833333333333,10724,68172,27.495833333333334,1,7,16,True,0.15730798568327173,0.0029044182362260164,"(66324.0, 72240.0]"
20210714,195,131.19791666666666,12595,69012,28.333333333333332,3,7,23,True,0.1825044919724106,0.0028255955486002435,"(66324.0, 72240.0]"
20210716,197,132.0625,12678,97648,26.045833333333334,5,7,24,True,0.12983368834999182,0.0020174504342126824,"(82404.0, 117116.0]"
20210717,110,44.03125,4227,7468,25.704166666666666,6,7,8,True,0.5660149973219069,0.01472951258703803,"(95.999, 12284.0]"
20210719,222,114.3125,10974,54336,26.525000000000002,1,7,15,True,0.2019655477031802,0.004085689045936396,"(12284.0, 60580.0]"
20210720,201,140.36458333333334,13475,93892,27.891666666666666,2,7,23,True,0.14351595450091595,0.0021407574660247944,"(82404.0, 117116.0]"
20210721,214,140.65625,13503,77844,26.733333333333334,3,7,23,True,0.1734623092338523,0.002749087919428601,"(72240.0, 82404.0]"
20210722,213,135.10416666666666,12970,63204,26.8625,4,7,22,True,0.20520853110562623,0.0033700398708942474,"(60580.0, 66324.0]"
20210723,206,135.92708333333334,13049,94240,26.429166666666664,5,7,21,True,0.13846561969439727,0.0021859083191850593,"(82404.0, 117116.0]"
20210724,104,44.854166666666664,4306,9276,26.816666666666666,6,7,7,True,0.4642087106511427,0.01121172919361794,"(95.999, 12284.0]"
20210726,217,111.40625,10695,96088,27.412499999999998,1,7,14,True,0.11130422113063025,0.0022583465156939472,"(82404.0, 117116.0]"
20210727,211,145.0625,13926,83104,26.84166666666667,2,7,24,True,0.16757316134000771,0.0025389872930304197,"(82404.0, 117116.0]"
20210728,212,145.58333333333334,13976,97140,26.854166666666668,3,7,24,True,0.14387481984764258,0.002182417129915586,"(82404.0, 117116.0]"
20210729,211,142.8125,13710,102792,27.349999999999998,4,7,23,True,0.1333761382208732,0.0020526889252081874,"(82404.0, 117116.0]"
20210730,212,145.58333333333334,13976,50752,28.59166666666667,5,7,16,True,0.2753783102143758,0.004177175283732661,"(12284.0, 60580.0]"
20210809,215,107.59375,10329,82756,24.941666666666666,1,8,15,True,0.12481270240224274,0.002597998936632993,"(82404.0, 117116.0]"
20210810,195,132.79166666666666,12748,69700,23.8875,2,8,21,True,0.18289813486370157,0.0027977044476327115,"(66324.0, 72240.0]"
20210811,218,138.89583333333334,13334,78348,25.266666666666666,3,8,23,True,0.17018941134425894,0.002782457752591004,"(72240.0, 82404.0]"
20210812,199,137.28125,13179,89356,24.8625,4,8,21,True,0.14748869689780206,0.0022270468687049555,"(82404.0, 117116.0]"
20210813,207,139.21875,13365,70672,24.5625,5,8,22,True,0.18911308580484493,0.0029290242245868237,"(66324.0, 72240.0]"
20210814,108,42.8125,4110,6116,23.329166666666666,6,8,7,True,0.6720078482668411,0.01765860039241334,"(95.999, 12284.0]"
20210816,190,91.38541666666667,8773,40952,23.620833333333334,1,8,15,True,0.21422641140847823,0.004639578042586442,"(12284.0, 60580.0]"
20210817,173,124.48958333333333,11951,117116,22.420833333333334,2,8,23,True,0.10204412719013628,0.0014771679360633901,"(82404.0, 117116.0]"
20210818,188,129.40625,12423,80252,22.883333333333336,3,8,24,True,0.15479988037681303,0.0023426207446543387,"(72240.0, 82404.0]"
20210819,188,132.83333333333334,12752,103904,23.46666666666667,4,8,24,True,0.12272867262088082,0.0018093624884508777,"(82404.0, 117116.0]"
20210820,193,130.39583333333334,12518,100852,23.879166666666666,5,8,24,True,0.12412247650021814,0.00191369531590846,"(82404.0, 117116.0]"
20210821,110,44.885416666666664,4309,15176,23.45,6,8,8,True,0.2839351607801792,0.007248286768581971,"(12284.0, 60580.0]"
20210823,196,108.52083333333333,10418,66320,23.425,1,8,16,True,0.15708685162846803,0.0029553679131483716,"(60580.0, 66324.0]"
20210824,201,136.15625,13071,67820,26.054166666666664,2,8,22,True,0.19273075788852845,0.0029637275140076674,"(66324.0, 72240.0]"
20210825,189,133.96875,12861,88304,25.2,3,8,23,True,0.14564459141148758,0.0021403333937307484,"(82404.0, 117116.0]"
20210826,202,138.25,13272,80256,27.133333333333336,4,8,24,True,0.1653708133971292,0.002516945773524721,"(72240.0, 82404.0]"
20210827,190,128.85416666666666,12370,103076,25.8,5,8,23,True,0.12000853738988708,0.0018433000892545306,"(82404.0, 117116.0]"
20210828,119,46.1875,4434,7196,25.3875,6,8,8,True,0.6161756531406337,0.016536964980544747,"(95.999, 12284.0]"
20210830,186,107.77083333333333,10346,42876,25.15416666666667,1,8,16,True,0.24130049444910906,0.004338091239854464,"(12284.0, 60580.0]"
20210831,187,134.66666666666666,12928,65772,23.941666666666666,2,8,24,True,0.19655780575320805,0.0028431551420057166,"(60580.0, 66324.0]"
20210901,198,139.15625,13359,78552,22.34166666666667,3,9,24,True,0.1700656889703636,0.0025206232813932174,"(72240.0, 82404.0]"
20210902,198,139.71875,13413,77404,21.133333333333333,4,9,24,True,0.173285618314299,0.002558007338122061,"(72240.0, 82404.0]"
20210903,190,132.28125,12699,51380,20.520833333333332,5,9,24,True,0.247158427403659,0.0036979369404437526,"(12284.0, 60580.0]"
20210904,116,50.9375,4890,13724,21.770833333333332,6,9,8,True,0.3563101136694841,0.008452346254736228,"(12284.0, 60580.0]"
20210906,190,103.65625,9951,66512,22.575,1,9,16,True,0.14961210007216744,0.002856627375511186,"(66324.0, 72240.0]"
20210907,192,136.61458333333334,13115,65696,23.870833333333334,2,9,22,True,0.19963163662932293,0.0029225523623964927,"(60580.0, 66324.0]"
20210908,183,128.16666666666666,12304,83324,23.391666666666666,3,9,23,True,0.14766453842830396,0.0021962459795497095,"(82404.0, 117116.0]"
20210909,190,133.90625,12855,68648,22.8625,4,9,23,True,0.18725964339820533,0.002767742687332479,"(66324.0, 72240.0]"
20210910,204,134.0625,12870,75156,22.3625,5,9,23,True,0.171243812869232,0.002714354143381766,"(72240.0, 82404.0]"
20210911,107,42.833333333333336,4112,8692,23.729166666666668,6,9,6,True,0.47307869305108147,0.012310170271514036,"(95.999, 12284.0]"
20210913,196,110.80208333333333,10637,56696,22.962500000000002,1,9,17,True,0.1876146465359108,0.003457034005926344,"(12284.0, 60580.0]"
20210914,184,132.48958333333334,12719,77272,21.6125,2,9,24,True,0.1646003727093902,0.002381198881871829,"(72240.0, 82404.0]"
