window,model,variant,mean_abs_err_diff,ci_lo,ci_hi,improves_significantly
all_2021,ridge,state_feature,-0.24818929106409857,-0.27197656958399685,-0.2247272053254529,True
all_2021,ridge,state_specific,-0.8136954068554382,-0.8802239824260015,-0.7524632992546673,True
all_2021,ridge,global_with_production(ref),-0.030578524746026525,-0.05909013707946148,-0.0049563757419369145,True
all_2021,hgb,state_feature,-0.08566211327485375,-0.12459045738958566,-0.045156211824658524,True
all_2021,hgb,state_specific,-0.06077309746506206,-0.14119485731877449,0.02510452486761015,False
all_2021,hgb,global_with_production(ref),-0.13308958155271358,-0.19119113060931958,-0.0733685372017686,True
clean_Jul_Sep,ridge,state_feature,-0.1818689980296141,-0.2838544651161081,-0.07738062009684442,True
clean_Jul_Sep,ridge,state_specific,-0.532024972421767,-0.8484003170042146,-0.21303926902346487,True
clean_Jul_Sep,ridge,global_with_production(ref),-0.07556112785441924,-0.16075312329706226,0.008198114205161595,False
clean_Jul_Sep,hgb,state_feature,-0.18652950670700702,-0.2871498554089549,-0.09637711169926577,True
clean_Jul_Sep,hgb,state_specific,-0.05217477461128045,-0.23477343946134968,0.12727807328794088,False
clean_Jul_Sep,hgb,global_with_production(ref),-0.14457761790894896,-0.3126789391675998,0.01807747739550419,False
