window,horizon_min,model,vs,delta,ci_lo,ci_hi,significant,improves
all_2021,15,ridge,persistence,0.48027194519373084,0.3393638101232645,0.615819624665355,True,False
all_2021,15,hgb,ridge,-2.8516300140625384,-3.094452303350224,-2.6202013588213284,True,True
all_2021,15,random_forest,persistence,-2.0571075647472763,-2.352678505594055,-1.7925208258666978,True,True
all_2021,15,hgb,random_forest,-0.3142505041215312,-0.41480942359065,-0.21387656180568024,True,True
all_2021,15,hgb,persistence,-2.3713580688688074,-2.6579341147940525,-2.098795161207607,True,True
all_2021,30,ridge,persistence,0.12493233957783768,-0.11733907798549001,0.3633579925262587,False,False
all_2021,30,hgb,ridge,-5.241423710086806,-5.5579707564692535,-4.9085685877913985,True,True
all_2021,30,random_forest,persistence,-4.916118214364837,-5.372053821746939,-4.486422505383888,True,True
all_2021,30,hgb,random_forest,-0.20037315614413123,-0.34414292982445766,-0.06299018753893092,True,True
all_2021,30,hgb,persistence,-5.116491370508969,-5.5380991457362905,-4.704880991826139,True,True
all_2021,45,ridge,persistence,-0.35686086199195394,-0.6832847495456766,-0.04370160153825062,True,True
all_2021,45,hgb,ridge,-5.9876498088640515,-6.451036413785094,-5.552747674424827,True,True
all_2021,45,random_forest,persistence,-6.242989571332667,-6.8610519809008625,-5.647161098936409,True,True
all_2021,45,hgb,random_forest,-0.10152109952333913,-0.271505360956167,0.05627498227768299,False,False
all_2021,45,hgb,persistence,-6.344510670856006,-6.912557108081779,-5.800279218398309,True,True
all_2021,60,ridge,persistence,-1.055529555899282,-1.4363121942058943,-0.6692576033334519,True,True
all_2021,60,hgb,ridge,-6.425750684724329,-6.931409638095319,-5.948250976122537,True,True
all_2021,60,random_forest,persistence,-7.040188248614571,-7.750147495809732,-6.3265996803097755,True,True
all_2021,60,hgb,random_forest,-0.4410919920090395,-0.6892943305123115,-0.2004457426375,True,True
all_2021,60,hgb,persistence,-7.481280240623612,-8.126034481931555,-6.849217806403034,True,True
clean_Jul_Sep,15,ridge,persistence,0.11556490321168687,-0.17102379945780677,0.39799525682239684,False,False
clean_Jul_Sep,15,hgb,ridge,-3.3859695415032474,-3.795273797199189,-3.0064680255079343,True,True
clean_Jul_Sep,15,random_forest,persistence,-2.9939903898963767,-3.4301412644881832,-2.5890678771115594,True,True
clean_Jul_Sep,15,hgb,random_forest,-0.2764142483951836,-0.45552657205258507,-0.11326425380907044,True,True
clean_Jul_Sep,15,hgb,persistence,-3.2704046382915606,-3.75140619071616,-2.8282335690500497,True,True
clean_Jul_Sep,30,ridge,persistence,-0.23215668229961206,-0.7364334775948524,0.23667219767655998,False,False
clean_Jul_Sep,30,hgb,ridge,-6.599472154575595,-7.184781384101239,-6.044537352704586,True,True
clean_Jul_Sep,30,random_forest,persistence,-6.775607304256295,-7.578281044690223,-6.064102695840689,True,True
clean_Jul_Sep,30,hgb,random_forest,-0.05602153261891193,-0.2585228171745252,0.16302861277405878,False,False
clean_Jul_Sep,30,hgb,persistence,-6.831628836875208,-7.607747853774782,-6.133021987546285,True,True
clean_Jul_Sep,45,ridge,persistence,-1.0787864119618422,-1.8052609228948746,-0.41654712847061554,True,True
clean_Jul_Sep,45,hgb,ridge,-8.320842139846171,-8.994506391917417,-7.623198454960399,True,True
clean_Jul_Sep,45,random_forest,persistence,-9.144448668559354,-10.10036652510266,-8.235113262130083,True,True
clean_Jul_Sep,45,hgb,random_forest,-0.25517988324865765,-0.4968293404442435,-0.00938656221031916,True,True
clean_Jul_Sep,45,hgb,persistence,-9.399628551808014,-10.337681850536795,-8.55170616750489,True,True
clean_Jul_Sep,60,ridge,persistence,-2.448075519141498,-3.3241755098503263,-1.6483830472710177,True,True
clean_Jul_Sep,60,hgb,ridge,-8.681710804761975,-9.432862022244093,-7.914816279196541,True,True
clean_Jul_Sep,60,random_forest,persistence,-11.292311938222971,-12.293658579066616,-10.30334918976161,True,True
clean_Jul_Sep,60,hgb,random_forest,0.16252561431949755,-0.08502346427313585,0.42378447838672545,False,False
clean_Jul_Sep,60,hgb,persistence,-11.129786323903472,-12.127143392614837,-10.175434772447197,True,True
