window,horizon_min,level,alert_budget,alerts_per_day,recall,precision,false_alarms,false_alarm_rate,missed_peaks
all_2021,15,L0_power_only,0.02,1.92,0.18087318087318088,0.8877551020408163,11,0.002482509591514331,394
all_2021,15,L0_power_only,0.05,4.800000000000001,0.40540540540540543,0.7926829268292683,51,0.011509817197020988,286
all_2021,15,L0_power_only,0.1,9.600000000000001,0.6881496881496881,0.6741344195519349,160,0.03610923042202663,150
all_2021,15,L0_power_only,0.2,19.200000000000003,0.9313929313929314,0.45621181262729127,534,0.12051455653351388,33
all_2021,15,L1_+calendar,0.02,1.92,0.1995841995841996,0.9795918367346939,2,0.0004513653802753329,385
all_2021,15,L1_+calendar,0.05,4.800000000000001,0.44282744282744285,0.8658536585365854,33,0.007447528774542992,268
all_2021,15,L1_+calendar,0.1,9.600000000000001,0.762993762993763,0.7474541751527495,124,0.02798465357707064,114
all_2021,15,L1_+calendar,0.2,19.200000000000003,0.9854469854469855,0.48268839103869654,508,0.11464680658993455,7
all_2021,15,L2_+weather,0.02,1.92,0.20166320166320167,0.9897959183673469,1,0.00022568269013766644,384
all_2021,15,L2_+weather,0.05,4.800000000000001,0.45114345114345117,0.8821138211382114,29,0.0065447980139923265,264
all_2021,15,L2_+weather,0.1,9.600000000000001,0.7484407484407485,0.7331975560081466,131,0.029564432408034302,121
all_2021,15,L2_+weather,0.2,19.200000000000003,0.9812889812889813,0.48065173116089616,510,0.11509817197020988,9
all_2021,15,L3_+production,0.02,1.92,0.1995841995841996,0.9795918367346939,2,0.0004513653802753329,385
all_2021,15,L3_+production,0.05,4.800000000000001,0.4490644490644491,0.8780487804878049,30,0.006770480704129994,265
all_2021,15,L3_+production,0.1,9.600000000000001,0.760914760914761,0.745417515274949,125,0.028210336267208307,115
all_2021,15,L3_+production,0.2,19.200000000000003,0.9896049896049897,0.4847250509164969,506,0.11419544120965922,5
all_2021,15,L3s_+production_strict,0.02,1.92,0.19750519750519752,0.9693877551020408,3,0.0006770480704129993,386
all_2021,15,L3s_+production_strict,0.05,4.800000000000001,0.46153846153846156,0.9024390243902439,24,0.005416384563303994,259
all_2021,15,L3s_+production_strict,0.1,9.600000000000001,0.760914760914761,0.745417515274949,125,0.028210336267208307,115
all_2021,15,L3s_+production_strict,0.2,19.200000000000003,0.9854469854469855,0.48268839103869654,508,0.11464680658993455,7
all_2021,15,L4_+latent_context,0.02,1.92,0.19750519750519752,0.9693877551020408,3,0.0006770480704129993,386
all_2021,15,L4_+latent_context,0.05,4.800000000000001,0.45114345114345117,0.8821138211382114,29,0.0065447980139923265,264
all_2021,15,L4_+latent_context,0.1,9.600000000000001,0.7567567567567568,0.7413441955193483,127,0.028661701647483637,117
all_2021,15,L4_+latent_context,0.2,19.200000000000003,0.9854469854469855,0.48268839103869654,508,0.11464680658993455,7
all_2021,30,L0_power_only,0.02,1.92,0.15592515592515593,0.7653061224489796,23,0.005190701873166328,406
all_2021,30,L0_power_only,0.05,4.800000000000001,0.3596673596673597,0.7032520325203252,73,0.01647483638004965,308
all_2021,30,L0_power_only,0.1,9.600000000000001,0.5966735966735967,0.5845213849287169,204,0.046039268788083954,194
all_2021,30,L0_power_only,0.2,19.200000000000003,0.8565488565488566,0.4195519348268839,570,0.12863913337846988,69
all_2021,30,L1_+calendar,0.02,1.92,0.18087318087318088,0.8877551020408163,11,0.002482509591514331,394
all_2021,30,L1_+calendar,0.05,4.800000000000001,0.4158004158004158,0.8130081300813008,46,0.010381403746332656,281
all_2021,30,L1_+calendar,0.1,9.600000000000001,0.7130977130977131,0.6985743380855397,148,0.033401038140374636,138
all_2021,30,L1_+calendar,0.2,19.200000000000003,0.9604989604989606,0.47046843177189407,520,0.11735499887158655,19
all_2021,30,L2_+weather,0.02,1.92,0.18503118503118504,0.9081632653061225,9,0.002031144211238998,392
all_2021,30,L2_+weather,0.05,4.800000000000001,0.42203742203742206,0.8252032520325203,43,0.009704355675919657,278
all_2021,30,L2_+weather,0.1,9.600000000000001,0.7089397089397089,0.6945010183299389,150,0.033852403520649964,140
all_2021,30,L2_+weather,0.2,19.200000000000003,0.972972972972973,0.47657841140529533,514,0.11600090273076055,13
all_2021,30,L3_+production,0.02,1.92,0.18295218295218296,0.8979591836734694,10,0.0022568269013766643,393
all_2021,30,L3_+production,0.05,4.800000000000001,0.41164241164241167,0.8048780487804879,48,0.010832769126607989,283
all_2021,30,L3_+production,0.1,9.600000000000001,0.7089397089397089,0.6945010183299389,150,0.033852403520649964,140
all_2021,30,L3_+production,0.2,19.200000000000003,0.9542619542619543,0.46741344195519346,523,0.11803204694199955,22
all_2021,30,L3s_+production_strict,0.02,1.92,0.18087318087318088,0.8877551020408163,11,0.002482509591514331,394
all_2021,30,L3s_+production_strict,0.05,4.800000000000001,0.41372141372141374,0.8089430894308943,47,0.010607086436470323,282
all_2021,30,L3s_+production_strict,0.1,9.600000000000001,0.6902286902286903,0.6761710794297352,159,0.03588354773188896,149
all_2021,30,L3s_+production_strict,0.2,19.200000000000003,0.9708939708939709,0.4755600814663951,515,0.11622658542089821,14
all_2021,30,L4_+latent_context,0.02,1.92,0.1787941787941788,0.8775510204081632,12,0.002708192281651997,395
all_2021,30,L4_+latent_context,0.05,4.800000000000001,0.42203742203742206,0.8252032520325203,43,0.009704355675919657,278
all_2021,30,L4_+latent_context,0.1,9.600000000000001,0.7068607068607069,0.6924643584521385,151,0.03407808621078763,141
all_2021,30,L4_+latent_context,0.2,19.200000000000003,0.9625779625779626,0.4714867617107943,519,0.11712931618144888,18
all_2021,45,L0_power_only,0.02,1.92,0.15384615384615385,0.7551020408163265,24,0.005416384563303994,407
all_2021,45,L0_power_only,0.05,4.800000000000001,0.3367983367983368,0.6585365853658537,84,0.018957345971563982,319
all_2021,45,L0_power_only,0.1,9.600000000000001,0.5841995841995842,0.5723014256619144,210,0.04739336492890995,200
all_2021,45,L0_power_only,0.2,19.200000000000003,0.8440748440748441,0.4134419551934827,576,0.12999322951929587,75
all_2021,45,L1_+calendar,0.02,1.92,0.17463617463617465,0.8571428571428571,14,0.00315955766192733,397
all_2021,45,L1_+calendar,0.05,4.800000000000001,0.40332640332640335,0.7886178861788617,52,0.011735499887158655,287
all_2021,45,L1_+calendar,0.1,9.600000000000001,0.681912681912682,0.6680244399185336,163,0.03678627849243963,153
all_2021,45,L1_+calendar,0.2,19.200000000000003,0.9667359667359667,0.47352342158859473,517,0.11667795080117355,16
all_2021,45,L2_+weather,0.02,1.92,0.17671517671517672,0.8673469387755102,13,0.002933874971789664,396
all_2021,45,L2_+weather,0.05,4.800000000000001,0.4178794178794179,0.8170731707317073,45,0.010155721056194989,280
all_2021,45,L2_+weather,0.1,9.600000000000001,0.6902286902286903,0.6761710794297352,159,0.03588354773188896,149
all_2021,45,L2_+weather,0.2,19.200000000000003,0.9667359667359667,0.47352342158859473,517,0.11667795080117355,16
all_2021,45,L3_+production,0.02,1.92,0.17671517671517672,0.8673469387755102,13,0.002933874971789664,396
all_2021,45,L3_+production,0.05,4.800000000000001,0.4158004158004158,0.8130081300813008,46,0.010381403746332656,281
all_2021,45,L3_+production,0.1,9.600000000000001,0.7027027027027027,0.6883910386965377,153,0.034529451591062965,143
all_2021,45,L3_+production,0.2,19.200000000000003,0.9688149688149689,0.4745417515274949,516,0.11645226811103589,15
all_2021,45,L3s_+production_strict,0.02,1.92,0.16632016632016633,0.8163265306122449,18,0.004062288422477996,401
all_2021,45,L3s_+production_strict,0.05,4.800000000000001,0.40540540540540543,0.7926829268292683,51,0.011509817197020988,286
all_2021,45,L3s_+production_strict,0.1,9.600000000000001,0.7027027027027027,0.6883910386965377,153,0.034529451591062965,143
all_2021,45,L3s_+production_strict,0.2,19.200000000000003,0.9646569646569647,0.4725050916496945,518,0.11690363349131122,17
all_2021,45,L4_+latent_context,0.02,1.92,0.17463617463617465,0.8571428571428571,14,0.00315955766192733,397
all_2021,45,L4_+latent_context,0.05,4.800000000000001,0.41164241164241167,0.8048780487804879,48,0.010832769126607989,283
all_2021,45,L4_+latent_context,0.1,9.600000000000001,0.6902286902286903,0.6761710794297352,159,0.03588354773188896,149
all_2021,45,L4_+latent_context,0.2,19.200000000000003,0.9625779625779626,0.4714867617107943,519,0.11712931618144888,18
all_2021,60,L0_power_only,0.02,1.92,0.15384615384615385,0.7551020408163265,24,0.005416384563303994,407
all_2021,60,L0_power_only,0.05,4.800000000000001,0.34303534303534305,0.6707317073170732,81,0.01828029790115098,316
all_2021,60,L0_power_only,0.1,9.600000000000001,0.5613305613305614,0.5498981670061099,221,0.04987587452042428,211
all_2021,60,L0_power_only,0.2,19.200000000000003,0.8523908523908524,0.4175152749490835,572,0.1290904987587452,71
all_2021,60,L1_+calendar,0.02,1.92,0.16424116424116425,0.8061224489795918,19,0.004287971112615662,402
all_2021,60,L1_+calendar,0.05,4.800000000000001,0.3908523908523909,0.7642276422764228,58,0.013089596027984653,293
all_2021,60,L1_+calendar,0.1,9.600000000000001,0.6777546777546778,0.6639511201629328,165,0.037237643872714964,155
all_2021,60,L1_+calendar,0.2,19.200000000000003,0.9563409563409564,0.4684317718940937,522,0.11780636425186188,21
all_2021,60,L2_+weather,0.02,1.92,0.1787941787941788,0.8775510204081632,12,0.002708192281651997,395
all_2021,60,L2_+weather,0.05,4.800000000000001,0.3908523908523909,0.7642276422764228,58,0.013089596027984653,293
all_2021,60,L2_+weather,0.1,9.600000000000001,0.681912681912682,0.6680244399185336,163,0.03678627849243963,153
all_2021,60,L2_+weather,0.2,19.200000000000003,0.9688149688149689,0.4745417515274949,516,0.11645226811103589,15
all_2021,60,L3_+production,0.02,1.92,0.1704781704781705,0.8367346938775511,16,0.003610923042202663,399
all_2021,60,L3_+production,0.05,4.800000000000001,0.3908523908523909,0.7642276422764228,58,0.013089596027984653,293
all_2021,60,L3_+production,0.1,9.600000000000001,0.6756756756756757,0.6619144602851323,166,0.03746332656285263,156
all_2021,60,L3_+production,0.2,19.200000000000003,0.9584199584199584,0.4694501018329939,521,0.11758068156172422,20
all_2021,60,L3s_+production_strict,0.02,1.92,0.16632016632016633,0.8163265306122449,18,0.004062288422477996,401
all_2021,60,L3s_+production_strict,0.05,4.800000000000001,0.3991683991683992,0.7804878048780488,54,0.012186865267433988,289
all_2021,60,L3s_+production_strict,0.1,9.600000000000001,0.6756756756756757,0.6619144602851323,166,0.03746332656285263,156
all_2021,60,L3s_+production_strict,0.2,19.200000000000003,0.9584199584199584,0.4694501018329939,521,0.11758068156172422,20
all_2021,60,L4_+latent_context,0.02,1.92,0.17671517671517672,0.8673469387755102,13,0.002933874971789664,396
all_2021,60,L4_+latent_context,0.05,4.800000000000001,0.3970893970893971,0.7764227642276422,55,0.012412547957571655,290
all_2021,60,L4_+latent_context,0.1,9.600000000000001,0.683991683991684,0.670061099796334,162,0.03656059580230196,152
all_2021,60,L4_+latent_context,0.2,19.200000000000003,0.9604989604989606,0.47046843177189407,520,0.11735499887158655,19
clean_Jul_Sep,15,L0_power_only,0.02,1.92,0.27586206896551724,0.27586206896551724,21,0.014685314685314685,21
clean_Jul_Sep,15,L0_power_only,0.05,4.800000000000001,0.4482758620689655,0.1780821917808219,60,0.04195804195804196,16
clean_Jul_Sep,15,L0_power_only,0.1,9.600000000000001,0.7241379310344828,0.14383561643835616,125,0.08741258741258741,8
clean_Jul_Sep,15,L0_power_only,0.2,19.200000000000003,0.896551724137931,0.08904109589041095,266,0.18601398601398603,3
clean_Jul_Sep,15,L1_+calendar,0.02,1.92,0.3103448275862069,0.3103448275862069,20,0.013986013986013986,20
clean_Jul_Sep,15,L1_+calendar,0.05,4.800000000000001,0.4827586206896552,0.1917808219178082,59,0.04125874125874126,15
clean_Jul_Sep,15,L1_+calendar,0.1,9.600000000000001,0.8620689655172413,0.17123287671232876,121,0.08461538461538462,4
clean_Jul_Sep,15,L1_+calendar,0.2,19.200000000000003,1.0,0.09931506849315068,263,0.1839160839160839,0
clean_Jul_Sep,15,L2_+weather,0.02,1.92,0.3793103448275862,0.3793103448275862,18,0.012587412587412588,18
clean_Jul_Sep,15,L2_+weather,0.05,4.800000000000001,0.5172413793103449,0.2054794520547945,58,0.04055944055944056,14
clean_Jul_Sep,15,L2_+weather,0.1,9.600000000000001,0.8275862068965517,0.1643835616438356,122,0.08531468531468532,5
clean_Jul_Sep,15,L2_+weather,0.2,19.200000000000003,1.0,0.09931506849315068,263,0.1839160839160839,0
clean_Jul_Sep,15,L3_+production,0.02,1.92,0.3793103448275862,0.3793103448275862,18,0.012587412587412588,18
clean_Jul_Sep,15,L3_+production,0.05,4.800000000000001,0.5172413793103449,0.2054794520547945,58,0.04055944055944056,14
clean_Jul_Sep,15,L3_+production,0.1,9.600000000000001,0.7931034482758621,0.15753424657534246,123,0.08601398601398601,6
clean_Jul_Sep,15,L3_+production,0.2,19.200000000000003,1.0,0.09931506849315068,263,0.1839160839160839,0
clean_Jul_Sep,15,L3s_+production_strict,0.02,1.92,0.3448275862068966,0.3448275862068966,19,0.013286713286713287,19
clean_Jul_Sep,15,L3s_+production_strict,0.05,4.800000000000001,0.5172413793103449,0.2054794520547945,58,0.04055944055944056,14
clean_Jul_Sep,15,L3s_+production_strict,0.1,9.600000000000001,0.8620689655172413,0.17123287671232876,121,0.08461538461538462,4
clean_Jul_Sep,15,L3s_+production_strict,0.2,19.200000000000003,1.0,0.09931506849315068,263,0.1839160839160839,0
clean_Jul_Sep,15,L4_+latent_context,0.02,1.92,0.3448275862068966,0.3448275862068966,19,0.013286713286713287,19
clean_Jul_Sep,15,L4_+latent_context,0.05,4.800000000000001,0.5862068965517241,0.2328767123287671,56,0.039160839160839164,12
clean_Jul_Sep,15,L4_+latent_context,0.1,9.600000000000001,0.8275862068965517,0.1643835616438356,122,0.08531468531468532,5
clean_Jul_Sep,15,L4_+latent_context,0.2,19.200000000000003,1.0,0.09931506849315068,263,0.1839160839160839,0
clean_Jul_Sep,30,L0_power_only,0.02,1.92,0.1724137931034483,0.1724137931034483,24,0.016794961511546535,24
clean_Jul_Sep,30,L0_power_only,0.05,4.800000000000001,0.3448275862068966,0.136986301369863,63,0.044086773967809655,19
clean_Jul_Sep,30,L0_power_only,0.1,9.600000000000001,0.5862068965517241,0.11643835616438356,129,0.09027291812456263,12
clean_Jul_Sep,30,L0_power_only,0.2,19.200000000000003,0.8620689655172413,0.08561643835616438,267,0.1868439468159552,4
clean_Jul_Sep,30,L1_+calendar,0.02,1.92,0.13793103448275862,0.13793103448275862,25,0.01749475157452764,25
clean_Jul_Sep,30,L1_+calendar,0.05,4.800000000000001,0.4482758620689655,0.1780821917808219,60,0.04198740377886634,16
clean_Jul_Sep,30,L1_+calendar,0.1,9.600000000000001,0.8620689655172413,0.17123287671232876,121,0.08467459762071379,4
clean_Jul_Sep,30,L1_+calendar,0.2,19.200000000000003,0.9655172413793104,0.0958904109589041,264,0.1847445766270119,1
clean_Jul_Sep,30,L2_+weather,0.02,1.92,0.1724137931034483,0.1724137931034483,24,0.016794961511546535,24
clean_Jul_Sep,30,L2_+weather,0.05,4.800000000000001,0.5517241379310345,0.2191780821917808,57,0.03988803358992302,13
clean_Jul_Sep,30,L2_+weather,0.1,9.600000000000001,0.8275862068965517,0.1643835616438356,122,0.08537438768369489,5
clean_Jul_Sep,30,L2_+weather,0.2,19.200000000000003,1.0,0.09931506849315068,263,0.18404478656403078,0
clean_Jul_Sep,30,L3_+production,0.02,1.92,0.20689655172413793,0.20689655172413793,23,0.01609517144856543,23
clean_Jul_Sep,30,L3_+production,0.05,4.800000000000001,0.5172413793103449,0.2054794520547945,58,0.04058782365290413,14
clean_Jul_Sep,30,L3_+production,0.1,9.600000000000001,0.7241379310344828,0.14383561643835616,125,0.08747375787263821,8
clean_Jul_Sep,30,L3_+production,0.2,19.200000000000003,1.0,0.09931506849315068,263,0.18404478656403078,0
clean_Jul_Sep,30,L3s_+production_strict,0.02,1.92,0.27586206896551724,0.27586206896551724,21,0.01469559132260322,21
clean_Jul_Sep,30,L3s_+production_strict,0.05,4.800000000000001,0.5172413793103449,0.2054794520547945,58,0.04058782365290413,14
clean_Jul_Sep,30,L3s_+production_strict,0.1,9.600000000000001,0.7586206896551724,0.1506849315068493,124,0.0867739678096571,7
clean_Jul_Sep,30,L3s_+production_strict,0.2,19.200000000000003,0.9655172413793104,0.0958904109589041,264,0.1847445766270119,1
clean_Jul_Sep,30,L4_+latent_context,0.02,1.92,0.20689655172413793,0.20689655172413793,23,0.01609517144856543,23
clean_Jul_Sep,30,L4_+latent_context,0.05,4.800000000000001,0.3448275862068966,0.136986301369863,63,0.044086773967809655,19
clean_Jul_Sep,30,L4_+latent_context,0.1,9.600000000000001,0.7241379310344828,0.14383561643835616,125,0.08747375787263821,8
clean_Jul_Sep,30,L4_+latent_context,0.2,19.200000000000003,0.9655172413793104,0.0958904109589041,264,0.1847445766270119,1
clean_Jul_Sep,45,L0_power_only,0.02,1.92,0.10344827586206896,0.10344827586206896,26,0.01819454163750875,26
clean_Jul_Sep,45,L0_power_only,0.05,4.800000000000001,0.4482758620689655,0.1780821917808219,60,0.04198740377886634,16
clean_Jul_Sep,45,L0_power_only,0.1,9.600000000000001,0.6206896551724138,0.1232876712328767,128,0.08957312806158152,11
clean_Jul_Sep,45,L0_power_only,0.2,19.200000000000003,0.8620689655172413,0.08561643835616438,267,0.1868439468159552,4
clean_Jul_Sep,45,L1_+calendar,0.02,1.92,0.1724137931034483,0.1724137931034483,24,0.016794961511546535,24
clean_Jul_Sep,45,L1_+calendar,0.05,4.800000000000001,0.4827586206896552,0.1917808219178082,59,0.041287613715885234,15
clean_Jul_Sep,45,L1_+calendar,0.1,9.600000000000001,0.8275862068965517,0.1643835616438356,122,0.08537438768369489,5
clean_Jul_Sep,45,L1_+calendar,0.2,19.200000000000003,1.0,0.09931506849315068,263,0.18404478656403078,0
clean_Jul_Sep,45,L2_+weather,0.02,1.92,0.10344827586206896,0.10344827586206896,26,0.01819454163750875,26
clean_Jul_Sep,45,L2_+weather,0.05,4.800000000000001,0.3793103448275862,0.1506849315068493,62,0.04338698390482855,18
clean_Jul_Sep,45,L2_+weather,0.1,9.600000000000001,0.7931034482758621,0.15753424657534246,123,0.086074177746676,6
clean_Jul_Sep,45,L2_+weather,0.2,19.200000000000003,1.0,0.09931506849315068,263,0.18404478656403078,0
clean_Jul_Sep,45,L3_+production,0.02,1.92,0.1724137931034483,0.1724137931034483,24,0.016794961511546535,24
clean_Jul_Sep,45,L3_+production,0.05,4.800000000000001,0.3793103448275862,0.1506849315068493,62,0.04338698390482855,18
clean_Jul_Sep,45,L3_+production,0.1,9.600000000000001,0.896551724137931,0.1780821917808219,120,0.08397480755773268,3
clean_Jul_Sep,45,L3_+production,0.2,19.200000000000003,1.0,0.09931506849315068,263,0.18404478656403078,0
clean_Jul_Sep,45,L3s_+production_strict,0.02,1.92,0.1724137931034483,0.1724137931034483,24,0.016794961511546535,24
clean_Jul_Sep,45,L3s_+production_strict,0.05,4.800000000000001,0.4482758620689655,0.1780821917808219,60,0.04198740377886634,16
clean_Jul_Sep,45,L3s_+production_strict,0.1,9.600000000000001,0.7241379310344828,0.14383561643835616,125,0.08747375787263821,8
clean_Jul_Sep,45,L3s_+production_strict,0.2,19.200000000000003,1.0,0.09931506849315068,263,0.18404478656403078,0
clean_Jul_Sep,45,L4_+latent_context,0.02,1.92,0.1724137931034483,0.1724137931034483,24,0.016794961511546535,24
clean_Jul_Sep,45,L4_+latent_context,0.05,4.800000000000001,0.4482758620689655,0.1780821917808219,60,0.04198740377886634,16
clean_Jul_Sep,45,L4_+latent_context,0.1,9.600000000000001,0.7241379310344828,0.14383561643835616,125,0.08747375787263821,8
clean_Jul_Sep,45,L4_+latent_context,0.2,19.200000000000003,1.0,0.09931506849315068,263,0.18404478656403078,0
clean_Jul_Sep,60,L0_power_only,0.02,1.92,0.13793103448275862,0.13793103448275862,25,0.01749475157452764,25
clean_Jul_Sep,60,L0_power_only,0.05,4.800000000000001,0.3793103448275862,0.1506849315068493,62,0.04338698390482855,18
clean_Jul_Sep,60,L0_power_only,0.1,9.600000000000001,0.5517241379310345,0.1095890410958904,130,0.09097270818754374,13
clean_Jul_Sep,60,L0_power_only,0.2,19.200000000000003,0.8620689655172413,0.08561643835616438,267,0.1868439468159552,4
clean_Jul_Sep,60,L1_+calendar,0.02,1.92,0.1724137931034483,0.1724137931034483,24,0.016794961511546535,24
clean_Jul_Sep,60,L1_+calendar,0.05,4.800000000000001,0.3448275862068966,0.136986301369863,63,0.044086773967809655,19
clean_Jul_Sep,60,L1_+calendar,0.1,9.600000000000001,0.6551724137931034,0.13013698630136986,127,0.08887333799860042,10
clean_Jul_Sep,60,L1_+calendar,0.2,19.200000000000003,1.0,0.09931506849315068,263,0.18404478656403078,0
clean_Jul_Sep,60,L2_+weather,0.02,1.92,0.1724137931034483,0.1724137931034483,24,0.016794961511546535,24
clean_Jul_Sep,60,L2_+weather,0.05,4.800000000000001,0.3793103448275862,0.1506849315068493,62,0.04338698390482855,18
clean_Jul_Sep,60,L2_+weather,0.1,9.600000000000001,0.6551724137931034,0.13013698630136986,127,0.08887333799860042,10
clean_Jul_Sep,60,L2_+weather,0.2,19.200000000000003,1.0,0.09931506849315068,263,0.18404478656403078,0
clean_Jul_Sep,60,L3_+production,0.02,1.92,0.3103448275862069,0.3103448275862069,20,0.013995801259622114,20
clean_Jul_Sep,60,L3_+production,0.05,4.800000000000001,0.4827586206896552,0.1917808219178082,59,0.041287613715885234,15
clean_Jul_Sep,60,L3_+production,0.1,9.600000000000001,0.6551724137931034,0.13013698630136986,127,0.08887333799860042,10
clean_Jul_Sep,60,L3_+production,0.2,19.200000000000003,0.9655172413793104,0.0958904109589041,264,0.1847445766270119,1
clean_Jul_Sep,60,L3s_+production_strict,0.02,1.92,0.1724137931034483,0.1724137931034483,24,0.016794961511546535,24
clean_Jul_Sep,60,L3s_+production_strict,0.05,4.800000000000001,0.41379310344827586,0.1643835616438356,61,0.042687193841847444,17
clean_Jul_Sep,60,L3s_+production_strict,0.1,9.600000000000001,0.7586206896551724,0.1506849315068493,124,0.0867739678096571,7
clean_Jul_Sep,60,L3s_+production_strict,0.2,19.200000000000003,1.0,0.09931506849315068,263,0.18404478656403078,0
clean_Jul_Sep,60,L4_+latent_context,0.02,1.92,0.2413793103448276,0.2413793103448276,22,0.015395381385584325,22
clean_Jul_Sep,60,L4_+latent_context,0.05,4.800000000000001,0.3793103448275862,0.1506849315068493,62,0.04338698390482855,18
clean_Jul_Sep,60,L4_+latent_context,0.1,9.600000000000001,0.7241379310344828,0.14383561643835616,125,0.08747375787263821,8
clean_Jul_Sep,60,L4_+latent_context,0.2,19.200000000000003,0.9655172413793104,0.0958904109589041,264,0.1847445766270119,1
