hard_condition_id,rule,n_samples,share_of_data,mae,mae_ratio_vs_overall,peak_prevalence,mae_clean,mae_ratio_clean,folds_with_ratio_gt_1_3,n_folds_present,fold_ratio_min,fold_ratio_max,mae_L0,mae_L3,info_gain_L0_to_L3,info_gain_pct,info_limited,promoted
tree_leaf_12,disagreement>21 AND lat_dwell>23.5,624,0.030498533724340176,31.550734816781304,3.5080442688853295,0.003205128205128205,39.55775356391914,4.458825775037259,5,5,2.076071292967597,5.816210521229347,16.819573758403948,31.550734816781304,-14.731161058377356,-0.8758343861726514,False,True
pair_disagreement_top20&idle,disagreement>23.3 AND is_operating==0,1245,0.06085043988269795,23.949338288430607,2.662864729275295,0.10281124497991968,30.359603228927586,3.422039150385851,5,5,1.9237926168900445,4.7616788842647155,18.490072685377463,23.949338288430607,-5.459265603053144,-0.2952538746573184,False,True
tree_leaf_11,disagreement>21 AND lat_dwell<=23.5 AND day>5.5,462,0.02258064516129032,20.14044422415161,2.239363689740762,0.07792207792207792,23.581342060358157,2.658014834406538,4,5,0.9377839203558621,3.551717308031946,23.518672491458606,20.14044422415161,3.3782282673069943,0.14364026152130324,False,True
pair_disagreement_top20&기온_top20,disagreement>23.3 AND 기온>24.7,750,0.036656891495601175,18.70665393106949,2.0799442705215654,0.21866666666666668,20.085383487417783,2.2639613609629197,2,3,0.9616433465037961,2.6656141620694944,25.733006253469686,18.70665393106949,7.0263523224001965,0.2730482499087259,False,False
pair_kw_top20&idle,kw>156 AND is_operating==0,300,0.01466275659824047,18.48257867322862,2.055029924512433,0.26666666666666666,34.14379570550002,3.8485814444263613,2,3,0.7253478110187134,3.560155050617553,16.802495809984716,18.48257867322862,-1.6800828632439035,-0.09999007779817633,False,False
single_disagreement_top20,disagreement>23.3,4092,0.2,15.257134334257918,1.6964011447504943,0.11632453567937438,16.03677778214402,1.8076152380095953,5,5,1.531069856015129,1.971542080381581,20.08446592856842,15.257134334257918,4.827331594310502,0.24035150406683403,False,True
pair_kw_top20&기온_top20,kw>156 AND 기온>24.7,1280,0.06256109481915934,12.920130095433342,1.4365557124974002,0.378125,14.168751991868506,1.5970572363107343,2,4,0.9795424741500408,1.620562092067673,18.089048257769765,12.920130095433342,5.168918162336423,0.28574848652505663,False,False
tree_leaf_7,disagreement<=21 AND lat_state>0.5 AND 기온>25.2,1315,0.06427174975562072,12.645548627844985,1.406025712188085,0.33307984790874523,13.212053130918889,1.489221144626252,2,3,1.0428840267327086,1.50817146427406,17.248355380093706,12.645548627844985,4.602806752248721,0.26685481895629376,False,False
pair_kw_std4_top20&기온_top20,kw_std4>16 AND 기온>24.7,902,0.04408602150537634,12.345405130782265,1.3726535362045942,0.417960088691796,13.5061750429012,1.5223736430367314,2,4,0.5412721956315232,1.5592610588983242,14.946132918210637,12.345405130782265,2.6007277874283723,0.17400673482968954,False,False
pair_abs_ramp_top20&기온_top20,abs_ramp>32 AND 기온>24.7,857,0.04188660801564027,12.107619943375367,1.3462148187308915,0.39789964994165694,13.17917092564775,1.4855147656943415,2,4,0.4077966082053453,1.5854926582663362,15.1040174996021,12.107619943375367,2.996397556226734,0.1983841422525941,False,False
pair_ood_maha_top20&기온_top20,ood_maha>13.3 AND 기온>24.7,1206,0.05894428152492669,11.921432497520115,1.325513120144033,0.37976782752902155,12.959324708754325,1.4607343904173458,1,4,0.5412721956315232,1.687261899983888,14.533131780986821,11.921432497520115,2.611699283466706,0.1797065713587968,False,False
pair_kw_top20&disagreement_top20,kw>156 AND disagreement>23.3,885,0.04325513196480939,11.858777735789152,1.3185466998978783,0.11638418079096045,14.347756637755456,1.6172340779416035,2,5,1.0634390961595022,1.6751974733055923,20.12207843140873,11.858777735789152,8.263300695619579,0.4106584080659043,True,False
pair_생산량_top20&기온_top20,생산량>944 AND 기온>24.7,1052,0.051417399804496576,11.783606460792031,1.3101886010463044,0.3355513307984791,12.68979603499375,1.4303539645993484,2,4,0.8973101249523323,1.459166848446002,18.137928536662272,11.783606460792031,6.3543220758702414,0.3503333946335836,True,False
pair_기온_top20&operating,기온>24.7 AND is_operating==1,2068,0.1010752688172043,11.584951165737305,1.2881006346852233,0.30077369439071566,12.412073951358277,1.399050003346595,2,4,0.8973101249523323,1.5018642993446136,17.299889839292458,11.584951165737305,5.714938673555153,0.33034537945872183,False,False
pair_disagreement_top20&operating,disagreement>23.3 AND is_operating==1,2847,0.13914956011730206,11.456012478639721,1.2737642769129887,0.12223393045310854,11.191622620400691,1.2614845613945096,3,5,1.1429043379304653,1.3804538526289598,20.78169795799334,11.456012478639721,9.32568547935362,0.44874511689102126,True,False
tree_leaf_10,disagreement>21 AND lat_dwell<=23.5 AND day<=5.5,3656,0.17869012707722384,11.224923621189074,1.2480701069771487,0.14195842450765864,12.617264703854824,1.4221784606932069,2,5,1.093792643509618,1.4158660855066314,19.139121551820867,11.224923621189074,7.9141979306317936,0.41350894340701067,True,False
pair_abs_ramp_top20&disagreement_top20,abs_ramp>32 AND disagreement>23.3,1298,0.06344086021505377,11.223035378569811,1.2478601581839672,0.24268104776579352,12.873694299278164,1.4510823995305944,3,5,0.8989077571418409,1.4980926591420907,13.390133823807775,11.223035378569811,2.167098445237963,0.1618429265721634,False,False
pair_생산량_top20&disagreement_top20,생산량>944 AND disagreement>23.3,1035,0.050586510263929615,11.186123615917257,1.2437560351522947,0.11884057971014493,11.195097851744299,1.261876278559744,1,5,1.2105580555845505,1.3141052504730015,21.025621522213154,11.186123615917257,9.839497906295897,0.46797655402959965,True,False
pair_ood_maha_top20&idle,ood_maha>13.3 AND is_operating==0,683,0.0333822091886608,11.162740043722524,1.2411560764857164,0.2005856515373353,11.344467080677562,1.2787127090433128,2,5,0.6820240940158325,2.040757131909826,10.94955140041954,11.162740043722524,-0.21318864330298304,-0.019470080143631687,False,False
pair_disagreement_top20&ood_maha_top20,disagreement>23.3 AND ood_maha>13.3,1103,0.05391006842619746,11.142484492862234,1.2389039143880287,0.2257479601087942,13.465736952415568,1.517815588448033,2,5,0.9524439807708978,1.7387981476413668,13.590450229475893,11.142484492862234,2.447965736613659,0.18012396169954284,False,False
pair_kw_std4_top20&disagreement_top20,kw_std4>16 AND disagreement>23.3,1061,0.05185728250244379,11.021935744204233,1.2255004120827173,0.2695570216776626,12.89392209768535,1.4533624134541474,3,5,0.9287433319096777,1.483156058521315,12.260372395857274,11.021935744204233,1.238436651653041,0.10101134057489992,False,False
pair_kw_std4_top20&idle,kw_std4>16 AND is_operating==0,601,0.029374389051808406,10.989165120144735,1.2218567314969144,0.20133111480865223,14.403709822123329,1.6235409451971405,3,5,0.7101329539826426,1.5724239833807216,11.568824969014576,10.989165120144735,0.5796598488698415,0.05010533484795357,False,False
pair_생산량_top20&operating,생산량>944 AND is_operating==1,4092,0.2,10.312809457473536,1.146654501820164,0.1549364613880743,11.61843859418515,1.3095939178075997,1,5,1.0121510258633701,1.3445614433442012,15.89496953644901,10.312809457473536,5.582160078975473,0.351190360332238,True,False
single_생산량_top20,생산량>944,4092,0.2,10.312809457473536,1.146654501820164,0.1549364613880743,11.61843859418515,1.3095939178075997,1,5,1.0121510258633701,1.3445614433442012,15.89496953644901,10.312809457473536,5.582160078975473,0.351190360332238,True,False
pair_abs_ramp_top20&idle,abs_ramp>32 AND is_operating==0,686,0.03352883675464321,10.312323800388963,1.146600502870153,0.18221574344023322,13.053739609353299,1.4713765415611928,2,5,0.7033222855661091,1.3936346092616931,11.417436236871202,10.312323800388963,1.105112436482239,0.09679164512549801,False,False
single_kw_top20,kw>156,4019,0.19643206256109483,10.297158966304906,1.144914364350524,0.22717093804428962,12.79007888957722,1.4416575330916435,2,5,0.8724713468673313,1.418785628040711,14.971094586617482,10.297158966304906,4.673935620312577,0.3121973208619337,False,False
pair_abs_ramp_top20&ood_maha_top20,abs_ramp>32 AND ood_maha>13.3,2162,0.10566959921798631,10.239425927578369,1.1384951777038077,0.25393154486586494,12.367422377810094,1.3940170181769262,1,5,0.8819986514804571,1.495563059871074,12.005107057853474,10.239425927578369,1.7656811302751052,0.14707749974791237,False,False
pair_kw_top20&ood_maha_top20,kw>156 AND ood_maha>13.3,2143,0.10474095796676441,10.218264062392077,1.1361422448698566,0.26598226784881007,12.38420742007678,1.395908975438171,2,5,0.8764360024421093,1.42633903748584,13.165717900482397,10.218264062392077,2.94745383809032,0.22387338543706184,False,False
single_ood_maha_top20,ood_maha>13.3,4092,0.2,10.180605619909851,1.131955100447006,0.2167644183773216,12.239334512435391,1.3795793561727028,1,5,0.8912370029912109,1.4933169495066236,12.306434862466054,10.180605619909851,2.125829242556202,0.1727412744888338,False,False
pair_생산량_top20&ood_maha_top20,생산량>944 AND ood_maha>13.3,1666,0.08142717497556207,10.01619429456186,1.1136746321480524,0.22208883553421369,12.548506536390365,1.4144282559491617,1,5,0.7231433095281384,1.4955967423317678,13.021521124704927,10.01619429456186,3.0053268301430673,0.23079690931355526,False,False
pair_ood_maha_top20&operating,ood_maha>13.3 AND is_operating==1,3409,0.1666177908113392,9.98383301461092,1.1100764654706377,0.2200058668231153,12.365186109287114,1.3937649530106357,1,5,0.7796618961365915,1.469286653434055,12.578289190590949,9.98383301461092,2.5944561759800298,0.20626463079897894,False,False
pair_kw_std4_top20&ood_maha_top20,kw_std4>16 AND ood_maha>13.3,2607,0.12741935483870967,9.906488114053126,1.1014766868377497,0.24088991177598773,12.13938663109201,1.368313544812254,1,5,0.8906417626332873,1.4253441212562865,10.70059460791041,9.906488114053126,0.794106493857285,0.07421143618226991,False,False
single_기온_top20,기온>24.7,4088,0.19980449657869012,9.900300454485127,1.1007886970393699,0.1695205479452055,10.65850959862553,1.2013937354921203,0,4,0.818988267139702,1.2052845465964241,13.117125348486166,9.900300454485127,3.2168248940010393,0.24523855711817907,False,False
pair_생산량_top20&abs_ramp_top20,생산량>944 AND abs_ramp>32,1133,0.0553763440860215,9.754837757120962,1.0846150774774714,0.21535745807590467,11.398553400797175,1.2848091492225198,0,5,0.8081191510161997,1.2825239050406425,12.840454970827343,9.754837757120962,3.0856172137063815,0.24030435219910026,False,False
pair_abs_ramp_top20&kw_top20,abs_ramp>32 AND kw>156,1162,0.056793743890518084,9.713549343743114,1.0800243260175566,0.29690189328743544,11.826783363744513,1.3330778860542902,0,5,0.8254763895860066,1.297674368262533,12.617461401270461,9.713549343743114,2.9039120575273465,0.23015026281237125,False,False
single_abs_ramp_top20,abs_ramp>32,4040,0.19745845552297164,9.664380699935831,1.0745573922006852,0.1787128712871287,11.215413362296072,1.264166179120829,0,5,0.8287923025304522,1.2581863736836014,12.064942219765866,9.664380699935831,2.4005615198300347,0.19896999721202316,False,False
pair_abs_ramp_top20&kw_std4_top20,abs_ramp>32 AND kw_std4>16,2780,0.13587487781036167,9.639996310578159,1.071846155272823,0.21402877697841727,11.38532702002937,1.2833183131116508,0,5,0.8369265854038054,1.2710337283942856,11.341869165047715,9.639996310578159,1.7018728544695563,0.15005223827781622,False,False
pair_kw_top20&operating,kw>156 AND is_operating==1,3719,0.18176930596285434,9.636866975964193,1.0714982126837929,0.22398494218876042,11.77057507822185,1.3267422645975728,1,5,0.8237576648758755,1.3677922746467814,14.823361226302838,9.636866975964193,5.1864942503386455,0.349886518392039,True,False
pair_생산량_top20&kw_top20,생산량>944 AND kw>156,2317,0.1132453567937439,9.602737399792852,1.0677034337417928,0.21191195511437202,11.67339144450688,1.3157880305503866,1,5,0.7790311804727816,1.3123179138501953,15.491199546348623,9.602737399792852,5.888462146555771,0.3801166029097934,True,False
single_kw_std4_top20,kw_std4>16,4092,0.2,9.584209102088344,1.065643320436922,0.1942815249266862,11.693537106638663,1.3180587863308746,0,5,0.8546809463595304,1.2812465165832252,11.184780777761526,9.584209102088344,1.6005716756731818,0.14310264165888403,False,False
pair_kw_top20&kw_std4_top20,kw>156 AND kw_std4>16,1397,0.06827956989247312,9.54880356194751,1.0617066703747566,0.3006442376521117,12.279133524386513,1.3840653758356227,1,5,0.8141943504099526,1.3474952149443964,10.438466627969147,9.54880356194751,0.8896630660216367,0.08522928680327878,False,False
pair_abs_ramp_top20&operating,abs_ramp>32 AND is_operating==1,3354,0.16392961876832846,9.531855665078691,1.0598222777345985,0.1779964221824687,10.926466585995659,1.2315970057550965,0,5,0.8601598067715379,1.2463737418057919,12.197377850137286,9.531855665078691,2.6655221850585953,0.21853239424148804,False,False
single_operating,is_operating==1,12304,0.6013685239491691,9.446550582947545,1.0503374271846901,0.10199934980494148,10.183671466499147,1.1478714721746504,0,5,0.9637105262886593,1.2021530460763874,14.314195547604688,9.446550582947545,4.867644964657144,0.3400571794949166,False,False
pair_kw_std4_top20&operating,kw_std4>16 AND is_operating==1,3491,0.1706256109481916,9.342336123901038,1.0387500921220967,0.19306788885706103,11.32386307895107,1.2763902906628417,0,5,0.884645914792288,1.2740674114160793,11.11866489149883,9.342336123901038,1.776328767597791,0.1597609771435729,False,False
pair_생산량_top20&kw_std4_top20,생산량>944 AND kw_std4>16,1258,0.061485826001955034,9.296923329155561,1.0337007614086895,0.2329093799682035,11.686498722843616,1.3172654418091931,1,5,0.8109724757457172,1.3127375300648065,10.969619146814285,9.296923329155561,1.6726958176587239,0.15248440217220263,False,False
single_idle,is_operating==0,8156,0.3986314760508309,8.310850023077961,0.9240618312799862,0.025380088278567924,7.059157633676015,0.7956860835443063,0,5,0.6940386329654677,1.054478574226805,7.6667877081882985,8.310850023077961,-0.6440623148896627,-0.0840068017276375,False,False
tree_leaf_6,disagreement<=21 AND lat_state>0.5 AND 기온<=25.2,8656,0.42306940371456503,8.245518320007639,0.9167977688781666,0.05337338262476895,8.602896087763403,0.9696914349320878,0,5,0.8420304944548963,1.0624192805244577,11.359182894459284,8.245518320007639,3.1136645744516454,0.2741099076739411,False,False
pair_기온_top20&idle,기온>24.7 AND is_operating==0,2020,0.09872922776148582,8.175618439203191,0.909025782657377,0.03514851485148515,8.88469623489125,1.0014550626970626,0,3,0.6086960232679363,1.1017969106124852,8.834968434135963,8.175618439203191,0.6593499949327715,0.07462958128805745,False,False
tree_leaf_3,disagreement<=21 AND lat_state<=0.5 AND 기온<=16.8,1861,0.09095796676441838,7.62019576410278,0.8472697778128049,0.0026867275658248252,,,0,3,0.5627589175413082,0.9082504330450922,6.992801561054157,7.62019576410278,-0.627394203048623,-0.08972000671988811,False,False
tree_leaf_4,disagreement<=21 AND lat_state<=0.5 AND 기온>16.8,3886,0.18993157380254155,3.0364125846412904,0.33761082990233937,0.0,2.650261413315649,0.29872914500020786,0,5,0.23845294216337112,0.5411299272905841,3.4220883406001636,3.0364125846412904,0.38567575595887327,0.11270187019521352,False,False
