role,model,mae_of_error_pred,rmse_of_error_pred,spearman_vs_true_error,auc_high_error,n_test
ROLE1_error_equation,SR_gplearn,5.546519727905522,10.877533168581708,0.46113036380461186,0.6147244984873852,4092
ROLE1_error_equation,ridge,7.278566500419339,11.059322735488625,-0.05390721765647547,0.4671140873890014,4092
ROLE1_error_equation,tree_depth3,6.7844500568901625,11.01609744853594,0.44641539656144325,0.6464874536180378,4092
ROLE1_error_equation,hgb,5.900029431630319,10.176413594637006,0.49292989833441964,0.6815419371261295,4092
ROLE1_error_equation,baseline_abs_ramp,14.44235749740154,24.293203774422793,0.3887393202899913,0.5682377791484321,4092
ROLE1_error_equation,baseline_kw_std4,7.582530027052429,13.06307632526154,0.4267191342123102,0.5881215672452785,4092
ROLE3_disagreement,disagreement_SR_vs_HGB,,,0.5468347433970107,0.7241989015184891,4092
ROLE3_disagreement_peakmiss,disagreement_SR_vs_HGB,,,,0.6438939144736843,4092
ROLE3_disagreement,disagreement_ridge_vs_HGB,,,0.29170583744268835,0.6748881448194162,4092
ROLE3_disagreement_peakmiss,disagreement_ridge_vs_HGB,,,,0.6296322028130671,4092
