window,horizon_min,added_group,from_level,to_level,mae_before,mae_after,d_mae,d_mae_pct,d_peak_ap,d_mae_peak,d_coverage,d_hard_mae,cost_proxy,voi_per_cost
all_2021,15,calendar,L0_power_only,L1_+calendar,7.295903866754598,5.2955358766490646,-2.0003679901055333,-0.274176856855345,0.09282176863530223,-3.67716225076453,0.014657980456026065,3.549950627668622,1,2.0003679901055333
all_2021,15,weather,L1_+calendar,L2_+weather,5.2955358766490646,5.272606627562611,-0.02292924908645322,-0.00432992045008342,0.00042605176789578536,-0.030394550627313777,0.007939739413680869,1.8864828392821487,2,0.01146462454322661
all_2021,15,production,L2_+weather,L3_+production,5.272606627562611,5.284382973476469,0.011776345913857789,0.0022334960192738076,0.0024411977317115863,-0.23946832051412947,0.015065146579804511,-2.440216766997519,5,-0.0023552691827715575
all_2021,15,latent_context,L3_+production,L4_+latent_context,5.284382973476469,5.450647647839933,0.1662646743634637,0.031463403617410825,0.0033547516006970923,0.20578967383815794,-0.00122149837133545,4.022249568350514,2,-0.08313233718173185
all_2021,30,calendar,L0_power_only,L1_+calendar,10.038220513154776,6.536551040596615,-3.501669472558161,-0.3488336870035214,0.14515070398122043,-7.216625527057012,0.015065146579804511,3.549950627668622,1,3.501669472558161
all_2021,30,weather,L1_+calendar,L2_+weather,6.536551040596615,6.391765514045111,-0.14478552655150434,-0.022150140900343864,0.012146329291089941,-0.3339224065465771,0.002850162866449568,1.8864828392821487,2,0.07239276327575217
all_2021,30,production,L2_+weather,L3_+production,6.391765514045111,6.585870193008947,0.19410467896383654,0.030367928632130767,-0.012339820618343045,0.2478181580497143,0.00895765472312704,-2.440216766997519,5,-0.03882093579276731
all_2021,30,latent_context,L3_+production,L4_+latent_context,6.585870193008947,7.347764234788014,0.7618940417790663,0.11568616135007251,0.0017476799409983368,-0.1351682707470534,-0.005293159609120579,4.022249568350514,2,-0.38094702088953314
all_2021,45,calendar,L0_power_only,L1_+calendar,12.03172908219283,7.70281806275704,-4.3289110194357905,-0.35979126440294057,0.14242050693966324,-8.683793093932543,0.014454397394136786,3.549950627668622,1,4.3289110194357905
all_2021,45,weather,L1_+calendar,L2_+weather,7.70281806275704,7.92559044092838,0.22277237817133955,0.028920893153174577,0.01102848882379781,0.41155565575507325,-0.007328990228013033,1.8864828392821487,2,-0.11138618908566977
all_2021,45,production,L2_+weather,L3_+production,7.92559044092838,7.885334606016958,-0.04025583491142193,-0.005079222199463852,0.0052691916266350836,-0.2102266446147958,0.01689739413680791,-2.440216766997519,5,0.008051166982284386
all_2021,45,latent_context,L3_+production,L4_+latent_context,7.885334606016958,10.91554646470162,3.0302118586846625,0.3842844990208074,-0.010026443540819274,0.35044332842839765,-0.00895765472312704,4.022249568350514,2,-1.5151059293423312
all_2021,60,calendar,L0_power_only,L1_+calendar,12.854011051285871,8.728412084848385,-4.125598966437487,-0.3209581001585319,0.11510936634382263,-7.900808640601118,0.03481270358306199,3.549950627668622,1,4.125598966437487
all_2021,60,weather,L1_+calendar,L2_+weather,8.728412084848385,8.759226552343804,0.030814467495419606,0.0035303635066577933,0.026428730565433156,-0.5755527287492086,0.005496742671009747,1.8864828392821487,2,-0.015407233747709803
all_2021,60,production,L2_+weather,L3_+production,8.759226552343804,8.743068293578343,-0.016158258765461397,-0.001844712962828636,0.003490484693984719,0.2726428207665279,-0.009568403908794765,-2.440216766997519,5,0.0032316517530922794
all_2021,60,latent_context,L3_+production,L4_+latent_context,8.743068293578343,14.01211952293798,5.269051229359636,0.6026547034099777,0.008053196522861072,-0.26787580450527493,0.002442996742671011,4.022249568350514,2,-2.634525614679818
clean_Jul_Sep,15,calendar,L0_power_only,L1_+calendar,7.918864893582406,5.580148853108271,-2.338716040474136,-0.2953347571783267,0.09379898161036593,-6.497092387367024,0.0,3.549950627668622,1,2.338716040474136
clean_Jul_Sep,15,weather,L1_+calendar,L2_+weather,5.580148853108271,5.639439150638702,0.059290297530431246,0.01062521790926871,0.017493182562516307,0.40001140425022896,-0.00479780671692942,1.8864828392821487,2,-0.029645148765215623
clean_Jul_Sep,15,production,L2_+weather,L3_+production,5.639439150638702,5.614448000502134,-0.024991150136568052,-0.004431495662780163,-0.0035257863116172072,-0.22415508194522893,-0.008910212474297352,-2.440216766997519,5,0.004998230027313611
clean_Jul_Sep,15,latent_context,L3_+production,L4_+latent_context,5.614448000502134,5.6566637896405725,0.04221578913843871,0.007519134407276209,0.015978895051124153,0.6926563876036091,0.008910212474297352,4.022249568350514,2,-0.021107894569219354
clean_Jul_Sep,30,calendar,L0_power_only,L1_+calendar,10.495995215548708,6.695486115023802,-3.8005091005249065,-0.36209135222307015,0.05275086677072388,-7.830925800449295,0.011659807956104329,3.549950627668622,1,3.8005091005249065
clean_Jul_Sep,30,weather,L1_+calendar,L2_+weather,6.695486115023802,6.580308236115109,-0.11517787890869258,-0.017202317640574054,0.029630429599738023,-0.3461566233871647,-0.004115226337448541,1.8864828392821487,2,0.05758893945434629
clean_Jul_Sep,30,production,L2_+weather,L3_+production,6.580308236115109,6.485929462164573,-0.0943787739505364,-0.014342606845155306,-0.0010494277485336156,1.4700731498426798,0.002057613168724215,-2.440216766997519,5,0.01887575479010728
clean_Jul_Sep,30,latent_context,L3_+production,L4_+latent_context,6.485929462164573,6.705688368224747,0.21975890606017412,0.033882407655237305,0.02437378492500869,-0.4103132864667973,-0.00411522633744843,4.022249568350514,2,-0.10987945303008706
clean_Jul_Sep,45,calendar,L0_power_only,L1_+calendar,11.88685383189306,7.031827618491733,-4.8550262134013265,-0.40843660417317773,0.0936781118813844,-7.912209170836071,0.005486968449931462,3.549950627668622,1,4.8550262134013265
clean_Jul_Sep,45,weather,L1_+calendar,L2_+weather,7.031827618491733,7.094567697676483,0.06274007918475011,0.008922300515411001,-0.006249586519541189,2.0428368778826886,0.000685871056241405,1.8864828392821487,2,-0.031370039592375054
clean_Jul_Sep,45,production,L2_+weather,L3_+production,7.094567697676483,6.835625220482796,-0.25894247719368746,-0.03649869706345783,0.00483777010696268,0.31827846199646004,0.00137174211248281,-2.440216766997519,5,0.051788495438737495
clean_Jul_Sep,45,latent_context,L3_+production,L4_+latent_context,6.835625220482796,6.944226036132956,0.10860081565015989,0.01588747366147869,-0.010356980013419892,0.06263724278066007,0.006858710562414383,4.022249568350514,2,-0.054300407825079944
clean_Jul_Sep,60,calendar,L0_power_only,L1_+calendar,12.71444366369719,7.426077562703931,-5.28836610099326,-0.4159337396800792,0.033936054126647394,-8.611661487850885,0.005486968449931351,3.549950627668622,1,5.28836610099326
clean_Jul_Sep,60,weather,L1_+calendar,L2_+weather,7.426077562703931,7.553513683672991,0.12743612096905998,0.01716062347760597,0.0020436401591550912,1.0322779755497642,0.02606310013717439,1.8864828392821487,2,-0.06371806048452999
clean_Jul_Sep,60,production,L2_+weather,L3_+production,7.553513683672991,7.310542894203523,-0.24297078946946815,-0.03216659155521918,0.08383838369538951,0.3105361169053573,-0.02400548696844995,-2.440216766997519,5,0.04859415789389363
clean_Jul_Sep,60,latent_context,L3_+production,L4_+latent_context,7.310542894203523,7.1409019705459285,-0.1696409236575942,-0.023204969331634902,-0.025415179475370198,-0.33274516936080545,0.000685871056241405,4.022249568350514,2,0.0848204618287971
