window,horizon_min,retention_target,minimum_level,cum_cost,achieved
all_2021,15,0.9,L1_+calendar,1.0,0.9886673847804932
all_2021,15,0.95,L1_+calendar,1.0,0.9886673847804932
all_2021,15,0.98,L1_+calendar,1.0,0.9886673847804932
all_2021,30,0.9,L1_+calendar,1.0,0.9602941688333311
all_2021,30,0.95,L1_+calendar,1.0,0.9602941688333311
all_2021,30,0.98,L2_+weather,3.0,1.0
all_2021,45,0.9,L1_+calendar,1.0,1.0
all_2021,45,0.95,L1_+calendar,1.0,1.0
all_2021,45,0.98,L1_+calendar,1.0,1.0
all_2021,60,0.9,L1_+calendar,1.0,1.0
all_2021,60,0.95,L1_+calendar,1.0,1.0
all_2021,60,0.98,L1_+calendar,1.0,1.0
clean_Jul_Sep,15,0.9,L1_+calendar,1.0,0.9960039485042756
clean_Jul_Sep,15,0.95,L1_+calendar,1.0,0.9960039485042756
clean_Jul_Sep,15,0.98,L1_+calendar,1.0,0.9960039485042756
clean_Jul_Sep,30,0.9,L1_+calendar,1.0,0.9477423399647794
clean_Jul_Sep,30,0.95,L2_+weather,3.0,0.976464532066366
clean_Jul_Sep,30,0.98,L3_+production,8.0,1.0
clean_Jul_Sep,45,0.9,L1_+calendar,1.0,0.9611574899687307
clean_Jul_Sep,45,0.95,L1_+calendar,1.0,0.9611574899687307
clean_Jul_Sep,45,0.98,L3_+production,8.0,1.0
clean_Jul_Sep,60,0.9,L1_+calendar,1.0,0.9488340434398428
clean_Jul_Sep,60,0.95,L3_+production,8.0,0.9695631731137765
clean_Jul_Sep,60,0.98,L4_+latent_context,10.0,1.0
