window,horizon_min,level,mae,mae_retained_pct,peak_ap,peak_ap_retained_pct,coverage,n_features,cum_cost
all_2021,15,L0_power_only,7.295903866754598,0.0,0.7369597157905873,0.8793237870110064,0.8283794788273615,14,0.0
all_2021,15,L1_+calendar,5.2955358766490646,0.9886673847804932,0.8297814844258895,0.9900766373562844,0.8430374592833876,22,1.0
all_2021,15,L2_+weather,5.272606627562611,1.0,0.8302075361937853,0.9905849927602252,0.8509771986970684,26,3.0
all_2021,15,L3_+production,5.284382973476469,0.9941796263614926,0.8326487339254969,0.9934977750850887,0.866042345276873,30,8.0
all_2021,15,L3s_+production_strict,5.295651254861149,0.9886103599351813,0.83809823716433,1.0,0.8578990228013029,29,
all_2021,15,L4_+latent_context,5.450647647839933,0.9120045157831466,0.836003485526194,0.9975005893757473,0.8648208469055375,33,10.0
all_2021,30,L0_power_only,10.038220513154776,0.0,0.616190061771859,0.7966390980791631,0.8444625407166124,14,0.0
all_2021,30,L1_+calendar,6.536551040596615,0.9602941688333311,0.7613407657530794,0.9842966620013275,0.8595276872964169,22,1.0
all_2021,30,L2_+weather,6.391765514045111,1.0,0.7734870950441693,1.0,0.8623778501628665,26,3.0
all_2021,30,L3_+production,6.585870193008947,0.9467689361280395,0.7611472744258263,0.9840465074370266,0.8713355048859935,30,8.0
all_2021,30,L3s_+production_strict,6.581267920515696,0.948031058516599,0.7603189851535594,0.9829756566399367,0.8623778501628665,29,
all_2021,30,L4_+latent_context,7.347764234788014,0.7378279120470913,0.7628949543668246,0.9863059891429218,0.866042345276873,33,10.0
all_2021,45,L0_power_only,12.03172908219283,0.0,0.5870831741587682,0.7871843689578769,0.8497557003257329,14,0.0
all_2021,45,L1_+calendar,7.70281806275704,1.0,0.7295036810984314,0.9781474246485871,0.8642100977198697,22,1.0
all_2021,45,L2_+weather,7.92559044092838,0.948538471414371,0.7405321699222293,0.992934859202064,0.8568811074918566,26,3.0
all_2021,45,L3_+production,7.885334606016958,0.9578377697207309,0.7458013615488643,1.0,0.8737785016286646,30,8.0
all_2021,45,L3s_+production_strict,7.752237351032791,0.9885838983398203,0.7304921874516095,0.9794728531127094,0.8713355048859935,29,
all_2021,45,L4_+latent_context,10.91554646470162,0.25784374233607793,0.7357749180080451,0.9865561474438762,0.8648208469055375,33,10.0
all_2021,60,L0_power_only,12.854011051285871,0.0,0.5759166681469555,0.7900108307380911,0.8308224755700325,14,0.0
all_2021,60,L1_+calendar,8.728412084848385,1.0,0.6910260344907782,0.9479115326288969,0.8656351791530945,22,1.0
all_2021,60,L2_+weather,8.759226552343804,0.99253091060326,0.7174547650562113,0.9841650125924659,0.8711319218241043,26,3.0
all_2021,60,L3_+production,8.743068293578343,0.9964474955396322,0.720945249750196,0.988953067645024,0.8615635179153095,30,8.0
all_2021,60,L3s_+production_strict,9.018995415205165,0.9295657836060341,0.7077196721540586,0.9708109472279614,0.874185667752443,29,
all_2021,60,L4_+latent_context,14.01211952293798,-0.280712808267002,0.7289984462730571,1.0,0.8640065146579805,33,10.0
clean_Jul_Sep,15,L0_power_only,7.918864893582406,0.0,0.2220786377108347,0.6167239524655662,0.949965729952022,14,0.0
clean_Jul_Sep,15,L1_+calendar,5.580148853108271,0.9960039485042756,0.3158776193212006,0.87720861354005,0.949965729952022,22,1.0
clean_Jul_Sep,15,L2_+weather,5.639439150638702,0.9707536105297986,0.3333708018837169,0.9257880933241627,0.9451679232350926,26,3.0
clean_Jul_Sep,15,L3_+production,5.614448000502134,0.9813967513741392,0.3298450155720997,0.9159968009600549,0.9362577107607952,30,8.0
clean_Jul_Sep,15,L3s_+production_strict,5.570765727925237,1.0,0.3600940693530694,1.0,0.9431117203564084,29,
clean_Jul_Sep,15,L4_+latent_context,5.6566637896405725,0.9634180434235218,0.3458239106232239,0.9603710253948843,0.9451679232350926,33,10.0
clean_Jul_Sep,30,L0_power_only,10.495995215548708,0.0,0.1540208304892506,0.5930116486225985,0.9458161865569272,14,0.0
clean_Jul_Sep,30,L1_+calendar,6.695486115023802,0.9477423399647794,0.2067716972599745,0.7961132574803772,0.9574759945130316,22,1.0
clean_Jul_Sep,30,L2_+weather,6.580308236115109,0.976464532066366,0.2364021268597125,0.9101964620087596,0.953360768175583,26,3.0
clean_Jul_Sep,30,L3_+production,6.485929462164573,1.0,0.2353526991111789,0.9061559508824957,0.9554183813443072,30,8.0
clean_Jul_Sep,30,L3s_+production_strict,6.498947982694315,0.9967535393855437,0.2363191170746082,0.9098768573854099,0.959533607681756,29,
clean_Jul_Sep,30,L4_+latent_context,6.705688368224747,0.9451981788890326,0.2597264840361876,1.0,0.9513031550068588,33,10.0
clean_Jul_Sep,45,L0_power_only,11.88685383189306,0.0,0.124234491833969,0.5701115480050402,0.9382716049382716,14,0.0
clean_Jul_Sep,45,L1_+calendar,7.031827618491733,0.9611574899687307,0.2179126037153534,1.0,0.943758573388203,22,1.0
clean_Jul_Sep,45,L2_+weather,7.094567697676483,0.9487367337505256,0.2116630171958122,0.9713206743759316,0.9444444444444444,26,3.0
clean_Jul_Sep,45,L3_+production,6.835625220482796,1.0,0.2165007873027749,0.9935211805627238,0.9458161865569272,30,8.0
clean_Jul_Sep,45,L3s_+production_strict,6.959126978644131,0.9755501546925918,0.1734810178800766,0.7961036439484006,0.9423868312757202,29,
clean_Jul_Sep,45,L4_+latent_context,6.944226036132956,0.9785001186830387,0.206143807289355,0.9459930438839081,0.9526748971193416,33,10.0
clean_Jul_Sep,60,L0_power_only,12.71444366369719,0.0,0.1249762844682732,0.5105357950964783,0.9451303155006858,14,0.0
clean_Jul_Sep,60,L1_+calendar,7.426077562703931,0.9488340434398428,0.1589123385949206,0.6491666597417092,0.9506172839506172,22,1.0
clean_Jul_Sep,60,L2_+weather,7.553513683672991,0.9259695655216723,0.1609559787540757,0.6575150552631827,0.9766803840877916,26,3.0
clean_Jul_Sep,60,L3_+production,7.310542894203523,0.9695631731137765,0.2447943624494652,1.0,0.9526748971193416,30,8.0
clean_Jul_Sep,60,L3s_+production_strict,7.354105971506018,0.9617471236965763,0.2069850747726053,0.8455467385011157,0.9718792866941016,29,
clean_Jul_Sep,60,L4_+latent_context,7.1409019705459285,1.0,0.219379182974095,0.8961774314528307,0.953360768175583,33,10.0
