window,grouping,horizon_min,coverage,cov_operating,cov_idle,cov_when_peak,fixed_partition_worst_gap,mean_interval_width,alert_precision,alert_recall,n_test
all_2021,by_abs_ramp,15,0.8479354996335207,0.8819177040220966,0.801106960548541,0.6699170412707763,0.2347766990714284,36.60039646597951,0.45730912180901556,0.9466716240927202,4093.0
all_2021,by_abs_ramp,30,0.826093330075739,0.8608133355829276,0.7781054829285627,0.5879853950789224,0.23784903752255096,47.32177566375135,0.40268605882043246,0.9085111354080887,4093.0
all_2021,by_abs_ramp,45,0.878494623655914,0.8778442754505946,0.879375621949156,0.6444301851324845,0.1437995276523433,47.32601177364595,0.3812865899908203,0.9167209889556889,4092.0
all_2021,by_abs_ramp,60,0.859188660801564,0.8868960476901059,0.8227598697452152,0.5897251773117527,0.21126964620214758,60.01056932287406,0.3714171455658229,0.8862653027497412,4092.0
all_2021,by_latent_state,15,0.8470559491815294,0.8902702568941876,0.7861153601154781,0.7058394071632624,0.23605029068099878,36.97363202913976,0.4482478242110236,0.9491736600010533,4093.0
all_2021,by_latent_state,30,0.8141216711458588,0.8710045825285213,0.7352138578142171,0.5998392289831355,0.27665034273727296,47.94752304253645,0.3913152156501428,0.912368459709119,4093.0
all_2021,by_latent_state,45,0.8746823069403714,0.8813392640918913,0.864109490413538,0.6402697165606817,0.1354446242350056,47.72864967441983,0.37591368981528483,0.9157499143909549,4092.0
all_2021,by_latent_state,60,0.8575757575757577,0.8885361270141223,0.8149439535216212,0.5633075642663379,0.2024178433335888,59.80138931670715,0.38210399747947726,0.8772992887962113,4092.0
all_2021,by_operating,15,0.853799169313462,0.8809106983534172,0.8160034669014392,0.675177664071378,0.2144846440224392,36.62073019288961,0.4579985754104522,0.9485599290717885,4093.0
all_2021,by_operating,30,0.8299535792817005,0.8587014897338203,0.7896227164191093,0.5573680195253239,0.23745979607459713,47.11507430104765,0.40702705138181655,0.9033187655103327,4093.0
all_2021,by_operating,45,0.8783479960899315,0.8878071890585332,0.8657569089459711,0.6483917720880907,0.14894881905222143,47.35175844011686,0.3717964755597908,0.9177974583578463,4092.0
all_2021,by_operating,60,0.8546432062561096,0.8759217779259989,0.8264761030583955,0.5509659452536007,0.20722151333446276,59.152612051860366,0.3905129730636674,0.8743319257292083,4092.0
all_2021,by_operating_x_pred_level,15,0.8392865868556072,0.8717409614129614,0.7944757446621746,0.6424712390647812,0.22278960096279773,36.17861756990034,0.46068851185667425,0.936017337676175,4093.0
all_2021,by_operating_x_pred_level,30,0.8221353530417786,0.8623129647927763,0.7658742024300479,0.5837088676006748,0.24951737579437544,47.47370777075277,0.40191437365302785,0.9145784418288828,4093.0
all_2021,by_operating_x_pred_level,45,0.858260019550342,0.8815280097969105,0.8270578845883078,0.6294743372796445,0.1688307330757535,47.3190197252843,0.38778659169966406,0.9000706524536509,4092.0
all_2021,by_operating_x_pred_level,60,0.8584066471163245,0.8816249872652742,0.8273526118948865,0.589953076884792,0.1926239306768447,59.62573037769967,0.3884439856363191,0.8759465165732732,4092.0
all_2021,by_pred_level,15,0.8462252626435378,0.8740155716462779,0.809623748028601,0.6519249911299891,0.21445417002725425,36.241851388291956,0.4569730537095295,0.9364760532725052,4093.0
all_2021,by_pred_level,30,0.8106523332518935,0.859626668121838,0.7456484683313025,0.579521327949694,0.2806417101014372,47.15566206060326,0.4065999753651869,0.9103606188044026,4093.0
all_2021,by_pred_level,45,0.8757086999022483,0.8748102119236527,0.8774986525376056,0.6250666012847524,0.13283053944810064,47.03833207340083,0.3881424410673303,0.90611827150127,4092.0
all_2021,by_pred_level,60,0.8594819159335287,0.8836972667957316,0.8287126267097793,0.587598860687178,0.2113796946591739,59.57818385465161,0.3818151743520656,0.8758877572897431,4092.0
all_2021,global,15,0.8538480332274615,0.8731045467398054,0.8282933374128865,0.6466907321385263,0.22966155332096005,36.342965091931724,0.4725763641771087,0.9420310255356702,4093.0
all_2021,global,30,0.8309308575616907,0.8538475913509741,0.8007799303666076,0.5348716685366601,0.23037951696466843,47.120377215618966,0.41286982224488433,0.9014606238661983,4093.0
all_2021,global,45,0.8783479960899315,0.8706938718999757,0.8902504121190139,0.6075194116648651,0.14095166812057033,47.212641290280246,0.3872308127174913,0.911944913504024,4092.0
all_2021,global,60,0.8614369501466277,0.8896505485402793,0.8251425758339519,0.5929609616373639,0.22061971855205975,60.829948206816084,0.3677627498029538,0.8874845729310368,4092.0
clean_Jul_Sep,by_abs_ramp,15,0.8261728395061729,0.9141508245546112,0.7745343823858208,0.6711066773349346,0.23470401687471165,47.70057809428757,0.2999038422154838,0.8796734033183367,1215.0
clean_Jul_Sep,by_abs_ramp,30,0.7790946502057613,0.8645528455719989,0.7313172579066632,0.48962049434499216,0.2617264385319098,43.401741063248075,0.27293687647208165,0.8277076195042753,1215.0
clean_Jul_Sep,by_abs_ramp,45,0.901153212520593,0.8852529909643685,0.9146632456050225,0.5179654577758692,0.1654035636127738,59.61147719044112,0.2515432777802976,0.7249104382047793,1214.0
clean_Jul_Sep,by_abs_ramp,60,0.886161449752883,0.8610775201646519,0.9120439195145078,0.4370466175914454,0.16248697521125474,52.31938229422224,0.2525485198500542,0.6758876144548481,1214.0
clean_Jul_Sep,by_latent_state,15,0.8158024691358025,0.9285781401335175,0.7370326104042292,0.7088032642179203,0.23336817253443404,47.813941832274665,0.2786674032466892,0.8916137018257991,1215.0
clean_Jul_Sep,by_latent_state,30,0.7901234567901235,0.8950926675688855,0.7200848664361719,0.5853480862458531,0.24590927776472632,43.90588283370398,0.26350756004799647,0.8653304612568444,1215.0
clean_Jul_Sep,by_latent_state,45,0.900658978583196,0.8884057634190665,0.9003910125490264,0.5392909820170361,0.17330789347114847,59.53647192043077,0.25020895799421433,0.7624960466108212,1214.0
clean_Jul_Sep,by_latent_state,60,0.8795716639209227,0.8947867938457239,0.8688729304611658,0.5506465423440623,0.13717928968763374,52.76495906785546,0.2402604166662857,0.7597186154094647,1214.0
clean_Jul_Sep,by_operating,15,0.8253497942386832,0.9237514849744237,0.7644370830489337,0.6974064352585282,0.25486323800819777,47.36935630401136,0.3051490848104334,0.860113309052822,1215.0
clean_Jul_Sep,by_operating,30,0.7761316872427984,0.8727421973512012,0.7209152911917213,0.49521754570570636,0.28585075567780793,42.55131851380837,0.2824504317617661,0.800865752285346,1215.0
clean_Jul_Sep,by_operating,45,0.8922570016474465,0.8700694741881241,0.9062685112605614,0.4723481584218554,0.20203271016727803,58.92452219461184,0.2652343167700535,0.7152779510659885,1214.0
clean_Jul_Sep,by_operating,60,0.8757825370675454,0.8657384995331838,0.890411789323554,0.4411841839285905,0.16674398246593958,51.444626220242945,0.27024369800753995,0.6879693894032728,1214.0
clean_Jul_Sep,by_operating_x_pred_level,15,0.8187654320987654,0.9151347874996352,0.760122290818083,0.6829379613017813,0.25356783215615736,46.838600655258766,0.30505893737308354,0.851158085172225,1215.0
clean_Jul_Sep,by_operating_x_pred_level,30,0.774320987654321,0.8741656037384354,0.7177491066851317,0.4656663951019242,0.2779111037750729,42.160689164059086,0.28408532708597,0.7686980098045073,1215.0
clean_Jul_Sep,by_operating_x_pred_level,45,0.8930807248764415,0.8751132383919756,0.9065231124875552,0.45588095051565736,0.17159324999979456,58.40242819331977,0.2648631897642629,0.65739472378504,1214.0
clean_Jul_Sep,by_operating_x_pred_level,60,0.8645799011532125,0.8709206159461289,0.8692096671214319,0.45233465161332126,0.15890078428873486,50.556915842583706,0.25980992688531057,0.6879693894032728,1214.0
clean_Jul_Sep,by_pred_level,15,0.8334156378600823,0.917137459230743,0.7818370812555011,0.6844304986152141,0.23025027555752992,47.528185347837066,0.30013310462652404,0.8541431597990907,1215.0
clean_Jul_Sep,by_pred_level,30,0.7790946502057613,0.8659679043082583,0.734317308514691,0.48263258456278324,0.25261779669424644,43.50891317170165,0.2742824972246632,0.7946194231459633,1215.0
clean_Jul_Sep,by_pred_level,45,0.8968698517298188,0.8788475419808629,0.913909091340176,0.45794280618576044,0.1610018567925025,57.80899665888745,0.2625193303008223,0.65739472378504,1214.0
clean_Jul_Sep,by_pred_level,60,0.8907742998352554,0.8752064909255524,0.9139887121357709,0.4748368108650257,0.1206409432927386,52.439364147679065,0.2457957564709698,0.6877911362838433,1214.0
clean_Jul_Sep,global,15,0.9234567901234568,0.9048971662813965,0.9271230110042905,0.619994889336153,0.13798632531961583,46.133028319367874,0.31439718878411976,0.8725947938269787,1215.0
clean_Jul_Sep,global,30,0.8795061728395062,0.8565458933184278,0.8896364243529081,0.476791610738418,0.15865365042897564,41.67807124523095,0.29264276673693723,0.8467860871407049,1215.0
clean_Jul_Sep,global,45,0.9001647446457991,0.8804096092231513,0.9184090913401759,0.4877690118122916,0.17661130197499447,56.819633289037384,0.2600221512404203,0.7432001464325679,1214.0
clean_Jul_Sep,global,60,0.8904448105436573,0.8591963519799295,0.9210528117881059,0.42643156211826216,0.16784341509144302,51.219413645943824,0.26734568180888757,0.7243560448892229,1214.0
