window,definition,cost_ratio_FN_FP,quantile,threshold_score_kw,expected_normalized_cost,precision,recall,alerts_per_day,missed
oof_all_2021,p95_whole_period(08 방식),1,0.96,175.31896165803522,0.8448275862068966,0.6043956043956044,0.44918330308529947,3.842815249266862,607
oof_all_2021,p95_whole_period(08 방식),5,0.89,166.25967089065128,0.4361161524500907,0.3967125721901377,0.8103448275862069,10.561876832844575,209
oof_all_2021,p95_whole_period(08 방식),10,0.86,162.90405971089316,0.2967332123411978,0.3368237347294939,0.8756805807622504,13.442815249266861,137
oof_all_2021,p95_whole_period(08 방식),20,0.8,154.83418926515688,0.19664246823956444,0.2536656891495601,0.941923774954628,19.200000000000003,64
oof_all_2021,p95_whole_period(08 방식),50,0.77,149.3179043863984,0.10335753176043558,0.22545686357841055,0.9627949183303085,22.08093841642229,41
oof_all_2021,p95_first_train_fold(13 방식),1,0.94,172.28956908019512,0.7073170731707317,0.6856677524429967,0.540436456996149,5.761876832844575,716
oof_all_2021,p95_first_train_fold(13 방식),5,0.86,162.90405971089316,0.34184852374839536,0.4649214659685864,0.8549422336328626,13.442815249266861,226
oof_all_2021,p95_first_train_fold(13 방식),10,0.81,156.59890717412645,0.2321566110397946,0.3706275720164609,0.9249037227214377,18.24281524926686,117
oof_all_2021,p95_first_train_fold(13 방식),20,0.77,149.3179043863984,0.14078947368421052,0.31852953676158097,0.9621309370988447,22.08093841642229,59
oof_all_2021,p95_first_train_fold(13 방식),50,0.75,144.98063290384,0.07839537869062901,0.29481915933528835,0.9679075738125802,24.0,50
oof_all_2021,p99_first_train_fold,1,0.99,182.8964958489707,1.08274231678487,0.4146341463414634,0.20094562647754138,0.9618768328445748,338
oof_all_2021,p99_first_train_fold,5,0.95,173.85245134199835,0.6950354609929078,0.27174975562072334,0.6572104018912529,4.800000000000001,145
oof_all_2021,p99_first_train_fold,10,0.94,172.28956908019512,0.48936170212765956,0.250814332247557,0.7281323877068558,5.761876832844575,115
oof_all_2021,p99_first_train_fold,20,0.92,169.51355855257873,0.3470449172576832,0.20830788026878436,0.806146572104019,7.680938416422288,82
oof_all_2021,p99_first_train_fold,50,0.85,161.77024205432454,0.2046808510638298,0.1270772238514174,0.9219858156028369,14.399999999999999,33
oof_all_2021,p95_trailing_30d,1,0.97,177.11305585843957,0.9065420560747663,0.5895765472312704,0.30756159728122345,2.8809384164222873,815
oof_all_2021,p95_trailing_30d,5,0.87,164.1083676885697,0.4762956669498726,0.3597744360902256,0.8130841121495327,12.480938416422287,220
oof_all_2021,p95_trailing_30d,10,0.85,161.77024205432454,0.3149532710280374,0.32974910394265233,0.8598130841121495,14.399999999999999,165
oof_all_2021,p95_trailing_30d,20,0.77,149.3179043863984,0.197196261682243,0.23884402889927753,0.9549702633814783,22.08093841642229,53
oof_all_2021,p95_trailing_30d,50,0.77,149.3179043863984,0.1058963466440102,0.23884402889927753,0.9549702633814783,22.08093841642229,53
oof_all_2021,p95_expanding,1,0.95,173.85245134199835,0.7449336128581412,0.678396871945259,0.48497554157931516,4.800000000000001,737
oof_all_2021,p95_expanding,5,0.87,164.1083676885697,0.36715583508036337,0.45037593984962404,0.8371767994409504,12.480938416422287,233
oof_all_2021,p95_expanding,10,0.83,159.2289195213992,0.24996505939902167,0.3713710836447255,0.9028651292802237,16.32375366568915,139
oof_all_2021,p95_expanding,20,0.77,149.3179043863984,0.15552061495457722,0.29218019549511265,0.9608665269042628,22.08093841642229,56
oof_all_2021,p95_expanding,50,0.75,144.98063290384,0.0849895178197065,0.2705767350928641,0.9671558350803634,24.0,47
oof_all_2021,new_monthly_max,1,0.99,182.8964958489707,2.2302158273381294,0.08292682926829269,0.1223021582733813,0.9618768328445748,122
oof_all_2021,new_monthly_max,5,0.99,182.8964958489707,1.1482014388489208,0.08292682926829269,0.1223021582733813,0.9618768328445748,122
oof_all_2021,new_monthly_max,10,0.99,182.8964958489707,1.0129496402877698,0.08292682926829269,0.1223021582733813,0.9618768328445748,122
oof_all_2021,new_monthly_max,20,0.99,182.8964958489707,0.9453237410071943,0.08292682926829269,0.1223021582733813,0.9618768328445748,122
oof_all_2021,new_monthly_max,50,0.99,182.8964958489707,0.9047482014388489,0.08292682926829269,0.1223021582733813,0.9618768328445748,122
oof_clean_Jul_Sep,p95_whole_period(08 방식),1,0.92,173.51085831617507,0.7260869565217392,0.6620926243567753,0.5594202898550724,7.679473106476399,304
oof_clean_Jul_Sep,p95_whole_period(08 방식),5,0.81,161.03423643304697,0.2971014492753623,0.4584837545126354,0.9202898550724637,18.2436882546652,55
oof_clean_Jul_Sep,p95_whole_period(08 방식),10,0.81,161.03423643304697,0.18840579710144928,0.4584837545126354,0.9202898550724637,18.2436882546652,55
oof_clean_Jul_Sep,p95_whole_period(08 방식),20,0.76,151.13211173684968,0.11478260869565217,0.38021726700971986,0.9637681159420289,23.0384193194292,25
oof_clean_Jul_Sep,p95_whole_period(08 방식),50,0.67,122.63975825657313,0.058579710144927535,0.2844074844074844,0.991304347826087,31.6794731064764,6
oof_clean_Jul_Sep,p95_first_train_fold(13 방식),1,0.9,171.37979577877218,0.621773288439955,0.7311385459533608,0.5982042648709316,9.602634467618003,358
oof_clean_Jul_Sep,p95_first_train_fold(13 방식),5,0.81,161.03423643304697,0.22536475869809203,0.5819494584837546,0.9046015712682379,18.2436882546652,85
oof_clean_Jul_Sep,p95_first_train_fold(13 방식),10,0.76,151.13211173684968,0.13703703703703704,0.49056603773584906,0.9629629629629629,23.0384193194292,33
oof_clean_Jul_Sep,p95_first_train_fold(13 방식),20,0.75,148.30706259239705,0.08641975308641975,0.47310647639956094,0.9674523007856342,24.0,29
oof_clean_Jul_Sep,p95_first_train_fold(13 방식),50,0.67,122.63975825657313,0.04199775533108866,0.3675675675675676,0.9921436588103255,31.6794731064764,7
oof_clean_Jul_Sep,p99_first_train_fold,1,0.99,184.0777929526667,1.0097402597402598,0.4794520547945205,0.11363636363636363,0.9615806805708013,273
oof_clean_Jul_Sep,p99_first_train_fold,5,0.91,172.40184217574242,0.5376623376623376,0.3475609756097561,0.7402597402597403,8.641053787047202,80
oof_clean_Jul_Sep,p99_first_train_fold,10,0.89,170.40838697576444,0.363961038961039,0.31296758104738154,0.814935064935065,10.564215148188802,57
oof_clean_Jul_Sep,p99_first_train_fold,20,0.82,162.5324189079125,0.22435064935064936,0.22103658536585366,0.9415584415584416,17.282107574094404,18
oof_clean_Jul_Sep,p99_first_train_fold,50,0.78,155.60580140735127,0.11727272727272728,0.185785536159601,0.9675324675324676,21.128430296377605,10
oof_clean_Jul_Sep,p95_trailing_30d,1,0.97,179.54350115254303,1.0023866348448687,0.4977168949771689,0.26014319809069214,2.8847420417124043,310
oof_clean_Jul_Sep,p95_trailing_30d,5,0.89,170.40838697576444,0.515035799522673,0.3778054862842893,0.7231503579952268,10.564215148188802,116
oof_clean_Jul_Sep,p95_trailing_30d,10,0.82,162.5324189079125,0.3181384248210024,0.2888719512195122,0.9045346062052506,17.282107574094404,40
oof_clean_Jul_Sep,p95_trailing_30d,20,0.78,155.60580140735127,0.20656324582338903,0.24501246882793018,0.9379474940334129,21.128430296377605,26
oof_clean_Jul_Sep,p95_trailing_30d,50,0.67,122.63975825657313,0.1045346062052506,0.17255717255717257,0.9904534606205251,31.6794731064764,4
oof_clean_Jul_Sep,p95_expanding,1,0.91,172.40184217574242,0.6848958333333334,0.6844512195121951,0.5846354166666666,8.641053787047202,319
oof_clean_Jul_Sep,p95_expanding,5,0.81,161.03423643304697,0.2716145833333333,0.5032490974729242,0.9075520833333334,18.2436882546652,71
oof_clean_Jul_Sep,p95_expanding,10,0.76,151.13211173684968,0.170703125,0.4219554030874786,0.9609375,23.0384193194292,30
oof_clean_Jul_Sep,p95_expanding,20,0.75,148.30706259239705,0.10416666666666667,0.407244785949506,0.9661458333333334,24.0,26
oof_clean_Jul_Sep,p95_expanding,50,0.67,122.63975825657313,0.05059895833333333,0.31683991683991686,0.9921875,31.6794731064764,6
oof_clean_Jul_Sep,new_monthly_max,1,0.99,184.0777929526667,2.245614035087719,0.0136986301369863,0.017543859649122806,0.9615806805708013,56
oof_clean_Jul_Sep,new_monthly_max,5,0.99,184.0777929526667,1.2350877192982457,0.0136986301369863,0.017543859649122806,0.9615806805708013,56
oof_clean_Jul_Sep,new_monthly_max,10,0.99,184.0777929526667,1.1087719298245613,0.0136986301369863,0.017543859649122806,0.9615806805708013,56
oof_clean_Jul_Sep,new_monthly_max,20,0.99,184.0777929526667,1.0456140350877192,0.0136986301369863,0.017543859649122806,0.9615806805708013,56
oof_clean_Jul_Sep,new_monthly_max,50,0.88,169.1760896433689,0.9491228070175438,0.022857142857142857,0.3508771929824561,11.525795828759605,37
