definition,state,n,occupancy,mean_kw,mean_abs_ramp,mean_kw_std4,operating_share,mean_production,peak_prevalence,mae_h60,low_or_ood_share,high_band_share,mean_interval_width
A_rule_ramp,normal_run,9746,0.4877877877877878,129.8668171557562,15.922121896162528,10.032886581614484,1.0,848.8743074081674,0.07213215678226965,9.456075466225512,0.26123537861686846,0.3190026677611328,64.66928245199165
A_rule_ramp,transition,3162,0.15825825825825826,115.94497153700189,51.66318785578748,20.699310530500043,0.7103099304237824,537.9478178368122,0.10879190385831752,9.922130902579648,0.35989879822896903,0.25743200506008856,68.50088069111035
A_rule_ramp,stop,7072,0.35395395395395396,35.67152149321267,3.73670814479638,2.280390375890835,0.0,0.0,0.012302036199095022,9.240871505368723,0.0895079185520362,0.7864819004524887,27.12367810507859
B_changepoint,normal_run,10911,0.5460960960960961,131.54944551370176,20.280175969205388,11.598770822355077,0.8925854642104298,770.5331317019521,0.06663000641554395,9.597080309305888,0.2654202181284942,0.31582806342223446,63.51096976929116
B_changepoint,stop,7123,0.3565065065065065,27.54948757545978,5.676681173662782,2.7780568185456094,0.10613505545416257,45.55468201600449,0.0,8.995214635454918,0.07440685104590762,0.8021900884458796,28.292425867600805
B_changepoint,transition,1946,0.0973973973973974,130.0092497430627,42.78006166495375,16.966272404388118,0.7692702980472764,638.4105858170607,0.2091469681397739,10.327582523420535,0.4578622816032888,0.1670092497430627,74.09564361452263
C_gmm3,normal_run,7320,0.3663663663663664,113.7724043715847,21.694125683060108,11.714300857236209,0.8472677595628415,620.9431693989071,0.017759562841530054,9.556149264351113,0.2506830601092896,0.34439890710382515,62.38770580316553
C_gmm3,transition,6433,0.32197197197197197,141.91683506917457,27.471941551375718,13.571210531647756,0.8652261775221514,821.813461837401,0.15607026270791233,10.73950162088478,0.33219337789522774,0.25944349448157933,68.46501020410894
C_gmm3,stop,6227,0.31166166166166165,22.290669664364863,1.5150152561426047,1.0127466894326078,0.0359723783523366,22.818371607515658,0.0,8.004802658030568,0.05540388630158985,0.8503292114983138,22.735160745031774
D_hmm3_latent,hmm_2,6314,0.31601601601601603,125.43965790307254,37.187203040861576,20.101653573113147,0.8261007285397529,715.319448843839,0.10722204624643648,10.427718524274598,0.2939499524865379,0.2732024073487488,68.09118216414137
D_hmm3_latent,hmm_1,7395,0.37012012012012013,128.83989181879647,13.427045300878973,6.22172066023892,0.884787018255578,718.2677484787018,0.061798512508451656,9.887282350650223,0.2865449628127113,0.32792427315753886,63.069519241199
D_hmm3_latent,hmm_0,6271,0.3138638638638639,22.288630202519535,1.7332163929197895,1.0249064450729828,0.03715515866687929,23.282251634508054,0.0,7.961579484680289,0.05453675649816616,0.8507415085313347,22.701075443862546
