ts15,forecast_horizon,predicted_power,prediction_interval,reliability_band,peak_risk_early,peak_risk_confirmed,peak_threshold,operating_regime,transition_flag,ood_flag,advisory_level,diagnostic_reason,information_gap_flag,actual_power,abs_error
2021-07-02 10:15:00,t+60min,177.45,"[131.3, 191.3]",LOW,1,1,180.0,normal_run,0,0,WARN_LOW_CONFIDENCE,최근 1시간 부하 변화가 학습구간 상위 10% 수준,0,184.0,6.55
2021-07-02 14:15:00,t+60min,141.44,"[109.9, 174.5]",LOW,0,0,180.0,normal_run,0,0,MONITOR_LOW_CONFIDENCE,예측 신뢰 구간 정상 — 통상 감시,0,138.0,3.44
2021-07-05 09:00:00,t+60min,163.51,"[116.4, 168.5]",MEDIUM,1,0,180.0,transition,1,0,EARLY_WATCH,"최근 1시간 부하 변화가 학습구간 상위 10% 수준 / 전환형 운전 패턴 감지 / 장기 시점은 피크 위험, 단기 확인에서는 미확인 — 시점 불일치",0,163.0,0.51
2021-07-06 12:15:00,t+60min,166.0,"[125.2, 180.5]",OOD,1,0,181.0,transition,1,1,HUMAN_REVIEW,"학습분포 밖의 입력(OOD 거리 상위 1%) / 전환형 운전 패턴 감지 / 장기 시점은 피크 위험, 단기 확인에서는 미확인 — 시점 불일치",0,141.0,25.0
2021-07-06 15:45:00,t+60min,159.63,"[122.6, 173.2]",OOD,0,0,181.0,normal_run,0,1,HUMAN_REVIEW,학습분포 밖의 입력(OOD 거리 상위 1%) / 추가 공정/설비 상태정보가 있어야 원인 구분 가능,1,167.0,7.37
2021-07-06 22:15:00,t+60min,115.98,"[100.0, 128.4]",OOD,0,0,181.0,normal_run,0,1,HUMAN_REVIEW,학습분포 밖의 입력(OOD 거리 상위 1%) / 추가 공정/설비 상태정보가 있어야 원인 구분 가능,1,104.0,11.98
2021-07-10 02:15:00,t+60min,92.67,"[69.8, 111.5]",MEDIUM,0,0,184.0,normal_run,0,0,NORMAL_MONITORING,예측 신뢰 구간 정상 — 통상 감시,0,85.0,7.67
2021-07-10 07:00:00,t+60min,65.75,"[22.6, 135.3]",LOW,0,0,184.0,transition,1,0,MONITOR_LOW_CONFIDENCE,전환형 운전 패턴 감지,0,34.0,31.75
2021-07-12 13:45:00,t+60min,180.15,"[120.9, 177.0]",MEDIUM,1,1,184.0,transition,1,0,WARN_CONFIRMED,최근 1시간 부하 변화가 학습구간 상위 10% 수준 / 전환형 운전 패턴 감지,0,185.0,4.85
2021-07-13 06:30:00,t+60min,171.44,"[124.6, 151.1]",HIGH,1,0,185.0,stop,0,0,EARLY_WATCH,"장기 시점은 피크 위험, 단기 확인에서는 미확인 — 시점 불일치",0,107.0,64.44
2021-07-13 08:30:00,t+60min,130.62,"[86.5, 138.0]",MEDIUM,0,0,185.0,stop,0,0,NORMAL_MONITORING,예측 신뢰 구간 정상 — 통상 감시,0,118.0,12.62
2021-07-13 12:30:00,t+60min,168.52,"[121.1, 164.8]",MEDIUM,1,0,185.0,stop,0,0,EARLY_WATCH,"장기 시점은 피크 위험, 단기 확인에서는 미확인 — 시점 불일치",0,98.0,70.52
2021-07-15 22:00:00,t+60min,137.1,"[105.6, 144.4]",MEDIUM,0,0,185.0,stop,0,0,NORMAL_MONITORING,예측 신뢰 구간 정상 — 통상 감시,0,195.0,57.9
2021-07-15 23:15:00,t+60min,107.9,"[44.8, 111.6]",LOW,0,0,185.0,stop,0,0,MONITOR_LOW_CONFIDENCE,비조업 구간인데 불확실성이 큼,0,67.0,40.9
2021-07-17 19:45:00,t+60min,22.92,"[21.3, 26.7]",HIGH,0,0,185.0,stop,0,0,NORMAL_MONITORING,예측 신뢰 구간 정상 — 통상 감시,0,23.0,0.08
2021-07-19 07:30:00,t+60min,183.48,"[30.2, 210.7]",LOW,1,0,185.0,stop,0,0,ADVISORY_UNCERTAIN,"예측구간이 넓어 신뢰도가 낮음 / 장기 시점은 피크 위험, 단기 확인에서는 미확인 — 시점 불일치 / 비조업 구간인데 불확실성이 큼",0,200.0,16.52
2021-07-20 00:15:00,t+60min,98.59,"[96.9, 126.8]",HIGH,0,0,186.0,normal_run,0,0,NORMAL_MONITORING,예측 신뢰 구간 정상 — 통상 감시,0,83.0,15.59
2021-07-23 10:45:00,t+60min,176.71,"[124.5, 180.5]",MEDIUM,1,1,188.0,normal_run,0,0,WARN_CONFIRMED,예측 신뢰 구간 정상 — 통상 감시,0,199.0,22.29
2021-07-27 08:15:00,t+60min,175.18,"[128.1, 178.2]",MEDIUM,1,1,189.0,transition,1,0,WARN_CONFIRMED,최근 1시간 부하 변화가 학습구간 상위 10% 수준 / 전환형 운전 패턴 감지,0,171.0,4.18
2021-07-28 12:15:00,t+60min,175.37,"[129.6, 183.5]",MEDIUM,1,0,191.0,transition,1,0,EARLY_WATCH,"최근 1시간 부하 변화가 학습구간 상위 10% 수준 / 전환형 운전 패턴 감지 / 장기 시점은 피크 위험, 단기 확인에서는 미확인 — 시점 불일치",0,178.0,2.63
2021-07-28 20:15:00,t+60min,126.47,"[119.0, 158.4]",MEDIUM,0,0,191.0,transition,1,0,NORMAL_MONITORING,최근 1시간 부하 변화가 학습구간 상위 10% 수준 / 전환형 운전 패턴 감지,0,115.0,11.47
2021-07-30 18:15:00,t+60min,160.65,"[124.7, 181.1]",LOW,0,0,193.0,transition,1,0,MONITOR_LOW_CONFIDENCE,최근 1시간 부하 변화가 학습구간 상위 10% 수준 / 전환형 운전 패턴 감지 / 비조업 구간인데 불확실성이 큼,0,175.0,14.35
2021-07-30 23:00:00,t+60min,85.37,"[73.1, 99.8]",HIGH,0,0,193.0,stop,0,0,NORMAL_MONITORING,예측 신뢰 구간 정상 — 통상 감시,0,80.0,5.37
2021-08-03 00:00:00,t+60min,38.05,"[20.6, 77.3]",LOW,0,0,192.0,stop,0,0,MONITOR_LOW_CONFIDENCE,비조업 구간인데 불확실성이 큼,0,22.0,16.05
2021-08-06 07:45:00,t+60min,23.88,"[17.1, 81.6]",HIGH,0,0,192.0,stop,0,0,NORMAL_MONITORING,예측 신뢰 구간 정상 — 통상 감시,0,20.0,3.88
2021-08-10 12:15:00,t+60min,163.25,"[23.3, 183.2]",LOW,1,0,193.0,transition,1,0,ADVISORY_UNCERTAIN,"예측구간이 넓어 신뢰도가 낮음 / 최근 1시간 부하 변화가 학습구간 상위 10% 수준 / 전환형 운전 패턴 감지 / 장기 시점은 피크 위험, 단기 확인에서는 미확인 — 시점 불일치 / 비조업 구간인데 불확실성이 큼",0,161.0,2.25
2021-08-11 01:45:00,t+60min,103.47,"[23.3, 119.1]",HIGH,0,0,193.0,transition,1,0,NORMAL_MONITORING,전환형 운전 패턴 감지,0,109.0,5.53
2021-08-11 09:30:00,t+60min,177.59,"[23.3, 190.5]",LOW,1,1,193.0,normal_run,0,0,WARN_LOW_CONFIDENCE,예측구간이 넓어 신뢰도가 낮음 / 추가 공정/설비 상태정보가 있어야 원인 구분 가능,1,192.0,14.41
2021-08-12 08:15:00,t+60min,182.09,"[23.3, 182.9]",LOW,1,1,193.0,transition,1,0,WARN_LOW_CONFIDENCE,예측구간이 넓어 신뢰도가 낮음 / 최근 1시간 부하 변화가 학습구간 상위 10% 수준 / 전환형 운전 패턴 감지,0,189.0,6.91
2021-08-14 01:15:00,t+60min,104.81,"[24.1, 117.4]",HIGH,0,0,194.0,transition,1,0,NORMAL_MONITORING,전환형 운전 패턴 감지,0,108.0,3.19
2021-08-15 02:30:00,t+60min,20.56,"[18.5, 30.7]",HIGH,0,0,194.0,stop,0,0,NORMAL_MONITORING,예측 신뢰 구간 정상 — 통상 감시,0,21.0,0.44
2021-08-16 08:15:00,t+60min,182.52,"[22.6, 189.5]",LOW,1,1,194.0,transition,1,0,WARN_LOW_CONFIDENCE,예측구간이 넓어 신뢰도가 낮음 / 최근 1시간 부하 변화가 학습구간 상위 10% 수준 / 전환형 운전 패턴 감지,0,184.0,1.48
2021-08-17 13:15:00,t+60min,157.0,"[23.3, 169.9]",MEDIUM,0,0,194.0,transition,1,0,NORMAL_MONITORING,예측구간이 넓어 신뢰도가 낮음 / 최근 1시간 부하 변화가 학습구간 상위 10% 수준 / 전환형 운전 패턴 감지,0,164.0,7.0
2021-08-21 14:00:00,t+60min,22.91,"[18.3, 33.5]",OOD,0,0,190.0,stop,0,1,HUMAN_REVIEW,학습분포 밖의 입력(OOD 거리 상위 1%),0,26.0,3.09
2021-08-21 18:15:00,t+60min,22.75,"[18.9, 59.0]",OOD,0,0,190.0,stop,0,1,HUMAN_REVIEW,학습분포 밖의 입력(OOD 거리 상위 1%),0,21.0,1.75
2021-08-23 07:45:00,t+60min,189.19,"[18.3, 198.4]",LOW,1,0,189.0,stop,0,0,ADVISORY_UNCERTAIN,"예측구간이 넓어 신뢰도가 낮음 / 장기 시점은 피크 위험, 단기 확인에서는 미확인 — 시점 불일치 / 비조업 구간인데 불확실성이 큼",0,172.0,17.19
2021-08-23 08:00:00,t+60min,189.65,"[23.3, 204.0]",LOW,1,0,189.0,transition,1,0,ADVISORY_UNCERTAIN,"예측구간이 넓어 신뢰도가 낮음 / 최근 1시간 부하 변화가 학습구간 상위 10% 수준 / 전환형 운전 패턴 감지 / 장기 시점은 피크 위험, 단기 확인에서는 미확인 — 시점 불일치 / 비조업 구간인데 불확실성이 큼",0,181.0,8.65
2021-08-24 06:15:00,t+60min,104.7,"[23.3, 115.8]",OOD,0,0,190.0,normal_run,0,1,HUMAN_REVIEW,학습분포 밖의 입력(OOD 거리 상위 1%) / 추가 공정/설비 상태정보가 있어야 원인 구분 가능,1,116.0,11.3
2021-08-24 08:15:00,t+60min,177.81,"[23.3, 184.1]",OOD,1,1,190.0,transition,1,1,HUMAN_REVIEW,학습분포 밖의 입력(OOD 거리 상위 1%) / 예측구간이 넓어 신뢰도가 낮음 / 최근 1시간 부하 변화가 학습구간 상위 10% 수준 / 전환형 운전 패턴 감지,0,182.0,4.19
2021-08-25 08:15:00,t+60min,168.2,"[23.3, 176.1]",MEDIUM,1,1,190.0,normal_run,0,0,WARN_CONFIRMED,예측구간이 넓어 신뢰도가 낮음 / 최근 1시간 부하 변화가 학습구간 상위 10% 수준,0,161.0,7.2
2021-08-28 09:15:00,t+60min,90.05,"[19.1, 99.3]",HIGH,0,0,187.0,stop,0,0,NORMAL_MONITORING,예측 신뢰 구간 정상 — 통상 감시,0,37.0,53.05
2021-08-30 07:30:00,t+60min,186.01,"[28.6, 179.2]",MEDIUM,1,0,184.0,stop,0,0,EARLY_WATCH,"예측구간이 넓어 신뢰도가 낮음 / 장기 시점은 피크 위험, 단기 확인에서는 미확인 — 시점 불일치",0,175.0,11.01
2021-09-01 07:45:00,t+60min,169.62,"[23.3, 180.6]",LOW,1,0,184.0,normal_run,0,0,ADVISORY_UNCERTAIN,"예측구간이 넓어 신뢰도가 낮음 / 장기 시점은 피크 위험, 단기 확인에서는 미확인 — 시점 불일치 / 추가 공정/설비 상태정보가 있어야 원인 구분 가능",1,193.0,23.38
2021-09-01 16:00:00,t+60min,163.84,"[23.3, 177.7]",MEDIUM,1,0,185.0,normal_run,0,0,EARLY_WATCH,"예측구간이 넓어 신뢰도가 낮음 / 장기 시점은 피크 위험, 단기 확인에서는 미확인 — 시점 불일치 / 추가 공정/설비 상태정보가 있어야 원인 구분 가능",1,165.0,1.16
2021-09-02 14:30:00,t+60min,160.99,"[23.3, 181.7]",LOW,0,0,185.0,normal_run,0,0,MONITOR_LOW_CONFIDENCE,예측구간이 넓어 신뢰도가 낮음 / 추가 공정/설비 상태정보가 있어야 원인 구분 가능,1,174.0,13.01
2021-09-02 22:45:00,t+60min,107.09,"[23.3, 118.8]",HIGH,0,0,186.0,normal_run,0,0,NORMAL_MONITORING,예측 신뢰 구간 정상 — 통상 감시,0,123.0,15.91
2021-09-07 11:30:00,t+60min,97.71,"[23.3, 163.7]",MEDIUM,0,0,186.0,normal_run,0,0,NORMAL_MONITORING,예측구간이 넓어 신뢰도가 낮음 / 추가 공정/설비 상태정보가 있어야 원인 구분 가능,1,102.0,4.29
2021-09-07 15:00:00,t+60min,174.05,"[23.3, 183.6]",LOW,1,0,186.0,normal_run,0,0,ADVISORY_UNCERTAIN,"예측구간이 넓어 신뢰도가 낮음 / 장기 시점은 피크 위험, 단기 확인에서는 미확인 — 시점 불일치 / 추가 공정/설비 상태정보가 있어야 원인 구분 가능",1,170.0,4.05
2021-09-08 08:00:00,t+60min,168.27,"[23.3, 174.4]",MEDIUM,1,0,186.0,normal_run,0,0,EARLY_WATCH,"예측구간이 넓어 신뢰도가 낮음 / 장기 시점은 피크 위험, 단기 확인에서는 미확인 — 시점 불일치 / 추가 공정/설비 상태정보가 있어야 원인 구분 가능",1,173.0,4.73
2021-09-09 10:15:00,t+60min,168.22,"[23.3, 177.8]",MEDIUM,1,0,185.0,normal_run,0,0,EARLY_WATCH,"예측구간이 넓어 신뢰도가 낮음 / 장기 시점은 피크 위험, 단기 확인에서는 미확인 — 시점 불일치 / 추가 공정/설비 상태정보가 있어야 원인 구분 가능",1,159.0,9.22
