window,cost_ratio_FN_FP,cost_single,cost_escalation,escalation_wins,recall_single,recall_escalation,lead_single,lead_escalation,fa_single,fa_escalation,best_policy,best_gate
all_2021,1,0.8418367346938775,0.7244897959183674,True,0.26785714285714285,0.45918367346938777,36.857142857142854,41.25,0.21039755351681957,0.3522935779816514,escalate_h60_to_h15,none
all_2021,2,0.6875,0.6275510204081632,True,0.6224489795918368,0.548469387755102,39.34426229508197,49.883720930232556,1.1889908256880735,0.6752293577981652,escalate_h60_to_h15,none
all_2021,5,0.49489795918367346,0.46479591836734696,True,0.8010204081632653,0.6760204081632653,41.22611464968153,44.320754716981135,2.837920489296636,1.3504587155963304,escalate_h60_to_h15,none
all_2021,10,0.3469387755102041,0.3076530612244898,True,0.8010204081632653,0.9362244897959183,41.22611464968153,39.76839237057221,2.837920489296636,4.677675840978593,escalate_h60_to_h15,none
all_2021,20,0.24591836734693878,0.18571428571428572,True,0.8903061224489796,0.9413265306122449,42.50716332378224,39.71544715447155,5.225688073394496,4.873394495412844,escalate_h60_to_h15,none
all_2021,50,0.12479591836734694,0.10295918367346939,True,0.9591836734693877,0.9744897959183674,43.16489361702128,41.46596858638743,8.053822629969419,7.427522935779817,escalate_h60_to_h15,none
all_2021,100,0.0800765306122449,0.061709183673469385,True,0.9872448979591837,0.9897959183673469,29.496124031007753,44.420103092783506,12.912538226299695,9.878899082568807,escalate_h60_to_h15,none
clean_Jul_Sep,1,0.9455782312925171,0.7687074829931972,True,0.24489795918367346,0.48299319727891155,52.083333333333336,43.943661971830984,0.36882546652030734,0.4873765093304061,escalate_h60_to_h15,none
clean_Jul_Sep,2,0.8027210884353742,0.6428571428571429,True,0.5782312925170068,0.48299319727891155,54.0,43.943661971830984,1.4753018660812294,0.4873765093304061,escalate_h60_to_h15,none
clean_Jul_Sep,5,0.5578231292517006,0.4380952380952381,True,0.7891156462585034,0.7142857142857143,56.12068965517241,45.142857142857146,3.358946212952799,1.4753018660812294,escalate_h60_to_h15,none
clean_Jul_Sep,10,0.3843537414965986,0.2816326530612245,True,0.7891156462585034,0.8843537414965986,56.12068965517241,43.15384615384615,3.358946212952799,3.214050493962678,escalate_h60_to_h15,none
clean_Jul_Sep,20,0.2755102040816326,0.1792517006802721,True,0.9387755102040817,0.9591836734693877,58.58695652173913,44.57446808510638,8.298572996706914,5.361141602634468,escalate_h60_to_h15,none
clean_Jul_Sep,50,0.1438095238095238,0.08993197278911565,True,0.9727891156462585,0.9863945578231292,59.37062937062937,44.793103448275865,11.288693743139406,7.3896816684961575,escalate_h60_to_h15,none
clean_Jul_Sep,100,0.08551020408163265,0.047551020408163266,True,0.9727891156462585,1.0,59.37062937062937,47.142857142857146,11.288693743139406,9.207464324917673,escalate_h60_to_h15,none
