target_factory,local,persistence,transfer_leave_one_out,transfer_vs_local_rel,transfer_beats_persistence
Cement_1,0.07108590619048262,0.089425435166417,0.1287294721023259,0.8109000644569533,False
Cement_2,0.08035712867321373,0.07589958955661473,0.08315186893937147,0.03477899611773139,False
Forge_1,0.11234965425926065,0.3018466210896002,0.3259698650069262,1.9013873443233802,False
Forge_2,0.16973540057258407,0.19692145635984287,0.1938655231860991,0.14216317004063184,True
Metal_1,0.12806571697870522,0.1530952763277177,0.14885792470178202,0.16235576712957567,True
Metal_2,0.09881776385431162,0.1361130441038786,0.13809207946397964,0.39744185739287397,False
Metal_3,0.2618524758870474,0.30382183190678164,0.2771964844287049,0.05859791277389448,True
Paper,0.07889947211425033,0.023412595338732915,0.046983593738735854,-0.4045132054787225,False
Steel_1,0.15718289329646676,0.26560050506763655,0.3604508599800777,1.293193950185291,False
Steel_2,0.09597381028123572,0.09803007738896866,0.10735902407859844,0.11862834000234224,False
