variant,fold,mae,shift
A0_baseline,0,8.930431283771295,1.0930429129230548
A0_baseline,1,14.213121025440236,1.2810789717016828
A0_baseline,2,7.009710827616142,1.435783652242598
A0_baseline,3,9.231859593476095,1.7699111507690328
A0_baseline,4,7.883178744610721,1.2766624658668213
A5_all,0,8.021415262587876,1.0930429129230548
A5_all,1,10.856658423679866,1.2810789717016828
A5_all,2,6.1752706230842715,1.435783652242598
A5_all,3,8.508726724059986,1.7699111507690328
A5_all,4,6.673353537403847,1.2766624658668213
A6_ood_weight,0,8.218234806602476,1.0930429129230548
A6_ood_weight,1,10.14460435403352,1.2810789717016828
A6_ood_weight,2,6.418087821732585,1.435783652242598
A6_ood_weight,3,8.51587804453182,1.7699111507690328
A6_ood_weight,4,6.943407436939041,1.2766624658668213
