task,horizon_min,fold,model,n,prevalence,f1,precision,recall,pr_auc,roc_auc,brier,ece,event_recall,n_events,alerts_per_day,tp,fp,fn,tn
C,60,0,C0_persistence_rule,3996,0.06231231231231231,0.35447761194029853,0.3310104529616725,0.3815261044176707,0.27882060668003594,0.8261039889475168,,,0.794392523364486,107,6.894894894894895,95,192,154,3555
C,60,0,C1_reg_margin,3996,0.06231231231231231,0.6194029850746269,0.578397212543554,0.6666666666666666,0.5998565650703259,0.9456432615972297,,,0.8037383177570093,107,6.894894894894895,166,121,83,3626
C,60,0,C2_quantile90_margin,3996,0.06231231231231231,0.48702594810379246,0.48412698412698413,0.4899598393574297,0.5373135224395479,0.9474631914366836,,,0.7757009345794392,107,6.0540540540540535,122,130,127,3617
C,60,0,C3_logistic,3996,0.06231231231231231,0.06642066420664207,0.4090909090909091,0.03614457831325301,0.31332143248953104,0.8952543560953181,0.05107610131561633,0.029782088451051406,0.08411214953271028,107,0.5285285285285285,9,13,240,3734
C,60,0,C4_random_forest,3996,0.06231231231231231,0.543123543123543,0.3825944170771757,0.9357429718875502,0.719564663629668,0.9708135986701008,0.03325827886643484,0.03308968328478247,0.9813084112149533,107,14.63063063063063,233,376,16,3371
C,60,0,C5_extra_trees,3996,0.06231231231231231,0.5794392523364487,0.434,0.8714859437751004,0.6409753631052496,0.9613623964767531,0.036252552880626066,0.03486936831928475,0.9719626168224299,107,12.012012012012013,217,283,32,3464
C,60,0,C6_hist_gbm,3996,0.06231231231231231,0.4829545454545456,0.8252427184466019,0.3413654618473896,0.6654929221286667,0.9591094562396906,0.0324266883851738,0.01924181146508014,0.5233644859813084,107,2.474474474474474,85,18,164,3729
C,60,0,C7_stacked,3996,0.06231231231231231,0.6859205776173286,0.6229508196721312,0.7630522088353414,0.6983183220459139,0.9613999097537735,0.038348357869952915,0.03572292329190872,0.9252336448598131,107,7.327327327327327,190,115,59,3632
C,60,0,C8_stacked_isotonic,3996,0.06231231231231231,0.6859205776173286,0.6229508196721312,0.7630522088353414,0.6629531706267325,0.962904728066255,0.029855025770839805,0.010528105385075195,0.9252336448598131,107,7.327327327327327,190,115,59,3632
C,60,1,C0_persistence_rule,3996,0.031281281281281284,0.12429378531073446,0.0812807881773399,0.264,0.12772870726281588,0.7005879617669852,,,0.7164179104477612,67,9.753753753753754,33,373,92,3498
C,60,1,C1_reg_margin,3996,0.031281281281281284,0.30434782608695654,0.3333333333333333,0.28,0.26233834478825385,0.8842242314647379,,,0.47761194029850745,67,2.5225225225225225,35,70,90,3801
C,60,1,C2_quantile90_margin,3996,0.031281281281281284,0.31818181818181823,0.302158273381295,0.336,0.2785629350017027,0.8921332988891759,,,0.5223880597014925,67,3.3393393393393396,42,97,83,3774
C,60,1,C3_logistic,3996,0.031281281281281284,0.1244019138755981,0.15476190476190477,0.104,0.124032417790394,0.8563947300439163,0.06362668951164406,0.08097989382298289,0.14925373134328357,67,2.0180180180180183,13,71,112,3800
C,60,1,C4_random_forest,3996,0.031281281281281284,0.20863309352517986,0.1895424836601307,0.232,0.23167159901709072,0.9141513820718161,0.03044462194926139,0.02645661787476774,0.3880597014925373,67,3.6756756756756754,29,124,96,3747
C,60,1,C5_extra_trees,3996,0.031281281281281284,0.25675675675675674,0.2222222222222222,0.304,0.26000316450568134,0.9204949625419787,0.03372459838375997,0.04562739551719841,0.43283582089552236,67,4.108108108108108,38,133,87,3738
C,60,1,C6_hist_gbm,3996,0.031281281281281284,0.2163934426229508,0.18333333333333332,0.264,0.20693505159267736,0.9141100490829243,0.030674525454357202,0.025692378444984107,0.43283582089552236,67,4.324324324324325,33,147,92,3724
C,60,1,C7_stacked,3996,0.031281281281281284,0.3424657534246575,0.2994011976047904,0.4,0.2770365958273327,0.8771965900284164,0.031935613090042496,0.031626835430727696,0.5671641791044776,67,4.012012012012012,50,117,75,3754
C,60,1,C8_stacked_isotonic,3996,0.031281281281281284,0.3424657534246575,0.2994011976047904,0.4,0.24346015501874194,0.8681105657452854,0.031280867146096424,0.025389523878039853,0.5671641791044776,67,4.012012012012012,50,117,75,3754
C,60,2,C0_persistence_rule,3996,0.06881881881881882,0.4050632911392405,0.4028776978417266,0.4072727272727273,0.3299678661471299,0.8186733771469058,,,0.7543859649122807,114,6.678678678678679,112,166,163,3555
C,60,2,C1_reg_margin,3996,0.06881881881881882,0.7246835443037976,0.6414565826330533,0.8327272727272728,0.7602462723309849,0.9785512203464367,,,0.9122807017543859,114,8.576576576576576,229,128,46,3593
C,60,2,C2_quantile90_margin,3996,0.06881881881881882,0.6287878787878788,0.4816247582205029,0.9054545454545454,0.6728917828210846,0.9706696635801715,,,0.9385964912280702,114,12.42042042042042,249,268,26,3453
C,60,2,C3_logistic,3996,0.06881881881881882,0.43980343980343983,0.3320964749536178,0.6509090909090909,0.367296809612371,0.9209909359654052,0.051357720878903425,0.018606501539579004,0.868421052631579,114,12.94894894894895,179,360,96,3361
C,60,2,C4_random_forest,3996,0.06881881881881882,0.6410835214446953,0.8452380952380952,0.5163636363636364,0.7467887988273301,0.9727297158632822,0.03722240595698038,0.02692942379205605,0.543859649122807,114,4.036036036036037,142,26,133,3695
C,60,2,C5_extra_trees,3996,0.06881881881881882,0.6583629893238435,0.6445993031358885,0.6727272727272727,0.6826489620994428,0.9676040165155995,0.03775531837819814,0.025155559818746814,0.7719298245614035,114,6.894894894894895,185,102,90,3619
C,60,2,C6_hist_gbm,3996,0.06881881881881882,0.6897689768976897,0.6314199395770392,0.76,0.7653664168472748,0.9741916884512961,0.04023252232060403,0.040908958874924996,0.8596491228070176,114,7.951951951951953,209,122,66,3599
C,60,2,C7_stacked,3996,0.06881881881881882,0.7079136690647482,0.5857142857142857,0.8945454545454545,0.8063253736552178,0.9831433387896704,0.03075062085965055,0.02696830930658402,0.9649122807017544,114,10.09009009009009,246,174,29,3547
C,60,2,C8_stacked_isotonic,3996,0.06881881881881882,0.7111756168359942,0.5917874396135265,0.8909090909090909,0.7696627816969983,0.9810515257384379,0.028705344705093224,0.016617386640757608,0.9649122807017544,114,9.945945945945946,245,169,30,3552
C,60,3,C0_persistence_rule,3996,0.09059059059059059,0.3756906077348066,0.3756906077348066,0.3756906077348066,0.3146555263719222,0.8474178796328109,,,0.708029197080292,137,8.696696696696696,136,226,226,3408
C,60,3,C1_reg_margin,3996,0.09059059059059059,0.4245810055865922,0.6514285714285715,0.3149171270718232,0.6010135860670719,0.9526114626440888,,,0.5328467153284672,137,4.2042042042042045,114,61,248,3573
C,60,3,C2_quantile90_margin,3996,0.09059059059059059,0.5369532428355958,0.5913621262458472,0.49171270718232046,0.5716613787948535,0.9435700885133348,,,0.7591240875912408,137,7.231231231231231,178,123,184,3511
C,60,3,C3_logistic,3996,0.09059059059059059,0.5356125356125356,0.5529411764705883,0.5193370165745856,0.5059898907104591,0.9172448970283722,0.06873998714247556,0.06527001603619906,0.7737226277372263,137,8.168168168168169,188,152,174,3482
C,60,3,C4_random_forest,3996,0.09059059059059059,0.583554376657825,0.5612244897959183,0.6077348066298343,0.5970096061971094,0.9487878446957373,0.05496369298843055,0.03541345978589688,0.8613138686131386,137,9.417417417417417,220,172,142,3462
C,60,3,C5_extra_trees,3996,0.09059059059059059,0.6423529411764707,0.5594262295081968,0.7541436464088398,0.5922469339750613,0.9511416882299462,0.04889519852670076,0.022343867636391405,0.8978102189781022,137,11.723723723723722,273,215,89,3419
C,60,3,C6_hist_gbm,3996,0.09059059059059059,0.627450980392157,0.5386138613861386,0.7513812154696132,0.5883000917029396,0.9355260477321309,0.05684940988473384,0.04802314244383699,0.9051094890510949,137,12.132132132132133,272,233,90,3401
C,60,3,C7_stacked,3996,0.09059059059059059,0.3524416135881104,0.7614678899082569,0.2292817679558011,0.610985125591041,0.9449501637390268,0.0729830900871807,0.07114423694023929,0.4233576642335766,137,2.6186186186186187,83,26,279,3608
C,60,3,C8_stacked_isotonic,3996,0.09059059059059059,0.349680170575693,0.7663551401869159,0.2265193370165746,0.5122028481277144,0.8426934689868856,0.06900545497446965,0.06599691317108072,0.41605839416058393,137,2.5705705705705704,82,25,280,3609
C,60,4,C0_persistence_rule,3996,0.031031031031031032,0.21238938053097345,0.16744186046511628,0.2903225806451613,0.12156537604379408,0.8254934100906426,,,0.5945945945945946,74,5.165165165165165,36,179,88,3693
C,60,4,C1_reg_margin,3996,0.031031031031031032,0.3212669683257919,0.22327044025157233,0.5725806451612904,0.28222803081324405,0.9382956211676886,,,0.8918918918918919,74,7.63963963963964,71,247,53,3625
C,60,4,C2_quantile90_margin,3996,0.031031031031031032,0.32926829268292684,0.2647058823529412,0.43548387096774194,0.2716156795924133,0.9376187183417755,,,0.6756756756756757,74,4.900900900900901,54,150,70,3722
C,60,4,C3_logistic,3996,0.031031031031031032,0.2754237288135593,0.1867816091954023,0.5241935483870968,0.19422599687812106,0.9101760363902959,0.11070369465846665,0.16362845776231894,0.7027027027027027,74,8.36036036036036,65,283,59,3589
C,60,4,C4_random_forest,3996,0.031031031031031032,0.2992592592592593,0.18330308529945555,0.8145161290322581,0.25680819133034866,0.9393536723540389,0.04193197259472797,0.06107677734923782,0.9594594594594594,74,13.237237237237238,101,450,23,3422
C,60,4,C5_extra_trees,3996,0.031031031031031032,0.336283185840708,0.21541950113378686,0.7661290322580645,0.23980946313768456,0.9375895594508131,0.05071635047444129,0.07784050330116132,0.9459459459459459,74,10.594594594594595,95,346,29,3526
C,60,4,C6_hist_gbm,3996,0.031031031031031032,0.3215926493108729,0.19848771266540643,0.8467741935483871,0.24415493569886224,0.9369147394028259,0.04647672539730484,0.04984256230128571,0.9324324324324325,74,12.708708708708707,105,424,19,3448
C,60,4,C7_stacked,3996,0.031031031031031032,0.29411764705882354,0.19430051813471502,0.6048387096774194,0.2733433817740644,0.9248617035457212,0.029414936184750187,0.02829565720985588,0.9459459459459459,74,9.273273273273274,75,311,49,3561
C,60,4,C8_stacked_isotonic,3996,0.031031031031031032,0.29411764705882354,0.19430051813471502,0.6048387096774194,0.23827211079397811,0.9193892045454546,0.030367873773137738,0.026595288474641203,0.9459459459459459,74,9.273273273273274,75,311,49,3561
