window,model,n,mae,rmse,mape,smape,mase,r2,mae_peak
clean_Jul_Sep,Extra Trees,7288,7.250076792901574,12.113684011332778,9.302146418492304,10.16043930443563,0.19839794951087109,0.9609922768807752,16.92229249535932
clean_Jul_Sep,HistGradientBoosting,7288,7.609755476654387,12.052907627177595,10.230266796954723,11.298684347971818,0.20824053675204265,0.9613827115564756,18.286971141757416
clean_Jul_Sep,Random Forest,7288,7.650702535308738,12.5408411977773,10.035720523061302,10.828166128679586,0.20936105074211217,0.9581927639333453,17.467391127148286
clean_Jul_Sep,HistGBM + 극단가중 (제출 모델),7288,7.862349989395667,12.57210416599215,11.296695611197347,11.934009834480484,0.2151527715899734,0.9579840622362783,15.240011403845939
clean_Jul_Sep,"MLP (64,32)",7288,9.752998096760578,14.998973925768535,13.587452421693047,14.750011581375572,0.2668902522350146,0.9401972410856572,22.412046434726424
clean_Jul_Sep,Decision Tree,7288,9.83345241362187,17.162276345239135,13.456689468411323,12.697885643521012,0.2690918801557294,0.9217024989996363,18.084112777967192
clean_Jul_Sep,k-NN (k=10),7288,10.313323271130626,16.50636610882453,13.197435185943432,13.524356250070802,0.2822235195685663,0.927572904942881,20.912171837708833
clean_Jul_Sep,Gradient Boosting,7288,10.394322762725379,15.559790523549626,19.048099839836755,16.843263043862308,0.28444006616563905,0.9356415447400304,21.341619458246985
clean_Jul_Sep,SVR (RBF),7288,10.51476240006347,17.56162293564718,12.047441945052896,13.04691473710955,0.28773589016451107,0.9180163185759781,25.942416825747703
clean_Jul_Sep,ElasticNet,7288,15.663349939614044,21.755145279029104,26.411003591079414,25.100377589673638,0.4286267027589594,0.8741879915764307,32.79301777234997
clean_Jul_Sep,Lasso,7288,15.684174800167593,21.765588293979143,26.58047054560434,25.231685119509777,0.42919657391352695,0.8740671767521605,32.6775826993866
clean_Jul_Sep,Ridge,7288,15.722758863727352,21.79171606714007,26.743283699137976,25.367389641297017,0.43025242467383173,0.8737646515838293,32.66389157211581
clean_Jul_Sep,Linear Regression,7288,15.72330541351328,21.792084202179236,26.746616286591934,25.37005546789829,0.43026738097842426,0.8737603864725071,32.66183632548981
clean_Jul_Sep,Naive (직전값),7288,16.82725027442371,28.001041320608405,16.364486495172525,15.614066262273834,0.46047677089718103,0.7915765959728107,31.43675417661098
clean_Jul_Sep,Seasonal naive (24h 전),7288,44.150521405049396,65.53583391468764,84.41478055228481,52.00373719677383,1.2081765706500895,-0.1417099336324681,63.37708830548926
