fold,model,n,prevalence,accuracy,precision,recall,specificity,balanced_accuracy,f1,mcc,roc_auc,pr_auc,brier,log_loss,tp,fp,fn,tn
0,Majority class (전부 정상),3996,0.06231231231231231,0.06231231231231231,0.06231231231231231,1.0,0.0,0.5,0.11731448763250882,0.0,,0.06231231231231231,0.06231231231231231,0.8608773463300744,249,3747,0,0
0,Naive rule (현재값>임계),3996,0.06231231231231231,0.9134134134134134,0.3310104529616725,0.3815261044176707,0.9487590072057646,0.6651425558117177,0.35447761194029853,0.3092154264832238,0.8260997017158573,0.2745750530368919,0.24832662456445095,0.6965623650858719,95,192,154,3555
0,Logistic Regression,3996,0.06231231231231231,0.9286786786786787,0.2692307692307692,0.08433734939759036,0.9847878302642114,0.5345625898309009,0.12844036697247704,0.12078090405101538,0.8895930666889602,0.27694953518621857,0.059823902657967824,0.2985742666085254,21,57,228,3690
0,Gaussian Naive Bayes,3996,0.06231231231231231,0.9119119119119119,0.27510917030567683,0.25301204819277107,0.9556978916466506,0.6043549699197108,0.2635983263598326,0.21705465373525618,0.8554667026794126,0.25135102175482926,0.0882872676952556,0.7730137816383312,63,166,186,3581
0,k-NN (k=10),3996,0.06231231231231231,0.8523523523523524,0.25952045133991536,0.7389558232931727,0.8598879103282626,0.7994218668107176,0.384133611691023,0.3789065038079815,0.8205852499938371,0.3397611961940424,0.04674424424424425,0.3169543034524904,184,525,65,3222
0,SVM (RBF),3996,0.06231231231231231,0.934934934934935,0.3103448275862069,0.03614457831325301,0.9946623965839338,0.5154034874485934,0.06474820143884892,0.08773249404856273,0.6200794638388087,0.09401413712186041,0.0579640703670024,0.22714533304095694,9,20,240,3727
0,Decision Tree,3996,0.06231231231231231,0.9326826826826827,0.47191011235955055,0.6746987951807228,0.9498265278889778,0.8122626615348503,0.5553719008264462,0.5299267979768495,0.8480524714282807,0.4173997551484149,0.04832630198067809,0.39964925562373566,168,188,81,3559
0,Random Forest,3996,0.06231231231231231,0.964964964964965,0.7154150197628458,0.7269076305220884,0.9807846277021617,0.8538461291121251,0.7211155378486056,0.7024506045923994,0.9751029739454214,0.7503959512676102,0.030129384798757874,0.1098489179281306,181,72,68,3675
0,Extra Trees,3996,0.06231231231231231,0.92992992992993,0.46637744034707157,0.8634538152610441,0.9343474779823859,0.8989006466217151,0.6056338028169014,0.6036581720693299,0.9660365507935129,0.6916302616580224,0.03582876441837818,0.1223374365687135,215,246,34,3501
0,Extra Trees + 클래스가중 (제출 모델),3996,0.06231231231231231,0.9216716716716716,0.4352226720647773,0.8634538152610441,0.9255404323458767,0.8944971238034605,0.5787348586810229,0.5794204400613961,0.961362396476753,0.6409753631052496,0.036252552880626066,0.1256668766076026,215,279,34,3468
0,Gradient Boosting,3996,0.06231231231231231,0.9396896896896897,0.5112359550561798,0.7309236947791165,0.9535628502802241,0.8422432725296702,0.6016528925619835,0.580805532910393,0.9586410761808912,0.6512364406870889,0.0337491363022939,0.11481875385220454,182,174,67,3573
0,HistGradientBoosting,3996,0.06231231231231231,0.953953953953954,0.8217821782178217,0.3333333333333333,0.9951961569255404,0.6642647451294369,0.47428571428571425,0.5059428490813807,0.9591094562396906,0.6654929221286667,0.0324266883851738,0.13239388074933356,83,18,166,3729
0,"MLP (64,32)",3996,0.06231231231231231,0.9036536536536537,0.14948453608247422,0.11646586345381527,0.955964771817454,0.5362153176356346,0.1309255079006772,0.08146234228177468,0.708467175346703,0.1298630078782197,0.06105923116697298,0.39685679008112523,29,165,220,3582
1,Majority class (전부 정상),3996,0.031281281281281284,0.031281281281281284,0.031281281281281284,1.0,0.0,0.5,0.06066488716330988,0.0,,0.031281281281281284,0.031281281281281284,0.4321678405273949,125,3871,0,0
1,Naive rule (현재값>임계),3996,0.031281281281281284,0.8836336336336337,0.0812807881773399,0.264,0.9036424696460863,0.5838212348230432,0.12429378531073446,0.09659183155671862,0.7005879617669852,0.12772870726281585,0.21278696822992987,0.578824681727539,33,373,92,3498
1,Logistic Regression,3996,0.031281281281281284,0.9619619619619619,0.13513513513513514,0.04,0.9917334022216482,0.5158667011108241,0.06172839506172839,0.05767526726553631,0.8543136140532162,0.1088552177862074,0.029830556997830722,0.12357691817827533,5,32,120,3839
1,Gaussian Naive Bayes,3996,0.031281281281281284,0.8155655655655656,0.09523809523809523,0.576,0.8233014724877292,0.6996507362438646,0.16345062429057888,0.17747373980183134,0.8202490312580729,0.12397562166963617,0.2601914244129238,2.4579268263991945,72,684,53,3187
1,k-NN (k=10),3996,0.031281281281281284,0.9369369369369369,0.18719211822660098,0.304,0.9573753552053733,0.6306876776026866,0.23170731707317072,0.20720097175468422,0.8005311289072592,0.17094191906831366,0.030227727727727725,0.18509749451157678,38,165,87,3706
1,SVM (RBF),3996,0.031281281281281284,0.9331831831831832,0.12234042553191489,0.184,0.9573753552053733,0.5706876776026867,0.14696485623003197,0.1162285732682738,0.7898362180315165,0.09589373111355738,0.03227595334515282,0.1300631877904667,23,165,102,3706
1,Decision Tree,3996,0.031281281281281284,0.9209209209209209,0.15272727272727274,0.336,0.9398088349263756,0.6379044174631878,0.21000000000000002,0.18966123926897407,0.6549759752002066,0.09741208783411844,0.046423442961416955,0.45773533799300997,42,233,83,3638
1,Random Forest,3996,0.031281281281281284,0.9619619619619619,0.3150684931506849,0.184,0.9870834409713253,0.5855417204856627,0.23232323232323232,0.22238422890100776,0.9160030999741668,0.27933951033623716,0.030156142661892225,0.10530281048629167,23,50,102,3821
1,Extra Trees,3996,0.031281281281281284,0.9431931931931932,0.19642857142857142,0.264,0.9651252906225781,0.6145626453112891,0.22525597269624575,0.19874628320671398,0.9197592353397055,0.28296550514471275,0.029858140302751305,0.10691609446730457,33,135,92,3736
1,Extra Trees + 클래스가중 (제출 모델),3996,0.031281281281281284,0.9451951951951952,0.2235294117647059,0.304,0.9659002841642986,0.6349501420821493,0.2576271186440678,0.23279464739151323,0.9204949625419788,0.2600031645056814,0.03372459838375997,0.11734201616181977,38,132,87,3739
1,Gradient Boosting,3996,0.031281281281281284,0.9409409409409409,0.22388059701492538,0.36,0.9597003358305347,0.6598501679152673,0.27607361963190186,0.2546277695633113,0.9128648927925601,0.23795203460581332,0.029732355202544934,0.10625350878280591,45,156,80,3715
1,HistGradientBoosting,3996,0.031281281281281284,0.9401901901901902,0.18333333333333332,0.264,0.9620253164556962,0.6130126582278481,0.2163934426229508,0.1897069503528549,0.9141100490829243,0.20693505159267736,0.030674525454357202,0.1276772154164332,33,147,92,3724
1,"MLP (64,32)",3996,0.031281281281281284,0.9181681681681682,0.14685314685314685,0.336,0.9369671919400672,0.6364835959700336,0.20437956204379565,0.18433468999379937,0.8575975200206665,0.12965757113775253,0.03060046847568868,0.12202145851130346,42,244,83,3627
2,Majority class (전부 정상),3996,0.06881881881881882,0.06881881881881882,0.06881881881881882,1.0,0.0,0.5,0.1287754624209787,0.0,,0.06881881881881882,0.06881881881881882,0.9507680491596686,275,3721,0,0
2,Naive rule (현재값>임계),3996,0.06881881881881882,0.9174174174174174,0.4,0.4,0.9556570814297232,0.6778285407148616,0.4000000000000001,0.3556570814297232,0.8186733771469058,0.3299678661471298,0.250937191181189,0.6924502842243009,110,165,165,3556
2,Logistic Regression,3996,0.06881881881881882,0.8696196196196196,0.3153153153153153,0.7636363636363637,0.8774522977694168,0.8205443307028902,0.4463336875664188,0.43546679641068425,0.9221401871442183,0.3712516476390012,0.06482593877075679,0.27129821593807985,210,456,65,3265
2,Gaussian Naive Bayes,3996,0.06881881881881882,0.9071571571571572,0.34210526315789475,0.3781818181818182,0.9462510077936038,0.6622164129877111,0.3592400690846287,0.30977997004665375,0.8899846082431409,0.3238830472671784,0.17715744037299075,1.3439382255638288,104,200,171,3521
2,k-NN (k=10),3996,0.06881881881881882,0.9051551551551551,0.34146341463414637,0.4072727272727273,0.9419510884170922,0.6746119078449098,0.37147595356550583,0.32206864771430765,0.7425887469155409,0.239856033418553,0.057497497497497496,0.47883334627833823,112,216,163,3505
2,SVM (RBF),3996,0.06881881881881882,0.9221721721721722,0.3767123287671233,0.2,0.9755442085460898,0.5877721042730449,0.2612826603325416,0.23685136683535074,0.6687097798734456,0.21945787694634186,0.06008485941360881,0.24810741009983436,55,91,220,3630
2,Decision Tree,3996,0.06881881881881882,0.9419419419419419,0.7171717171717171,0.2581818181818182,0.9924751410911046,0.6253284796364613,0.3796791443850267,0.408218938111378,0.6649219418045003,0.3052182330733919,0.054358973722399645,0.6785679910561775,71,28,204,3693
2,Random Forest,3996,0.06881881881881882,0.9632132132132132,0.8106796116504854,0.6072727272727273,0.9895189465197528,0.79839583689624,0.6943866943866944,0.6832281036488246,0.9729813588722485,0.7758818851473971,0.032769008436061425,0.10979667883889613,167,39,108,3682
2,Extra Trees,3996,0.06881881881881882,0.9562062062062062,0.7100840336134454,0.6145454545454545,0.9814565976887933,0.798001026117124,0.658869395711501,0.6374954224840524,0.968154699372114,0.7204737548896846,0.03840132609183329,0.12222209604949369,169,69,106,3652
2,Extra Trees + 클래스가중 (제출 모델),3996,0.06881881881881882,0.950950950950951,0.6357388316151202,0.6727272727272727,0.9715130341306101,0.8221201534289414,0.6537102473498233,0.627629682098679,0.9676040165155995,0.6826489620994428,0.03775531837819814,0.1204604871917982,185,106,90,3615
2,Gradient Boosting,3996,0.06881881881881882,0.9471971971971972,0.5963855421686747,0.72,0.9639881752217145,0.8419940876108573,0.6523887973640856,0.6273328088575992,0.9711407002027802,0.7303913293360521,0.03664585517185396,0.11979524165700786,198,134,77,3587
2,HistGradientBoosting,3996,0.06881881881881882,0.9532032032032032,0.6333333333333333,0.76,0.9674818597151303,0.8637409298575651,0.6909090909090909,0.6690601291329206,0.9741916884512961,0.7653664168472748,0.04023252232060403,0.14955213404324946,209,121,66,3600
2,"MLP (64,32)",3996,0.06881881881881882,0.9031531531531531,0.3157894736842105,0.3490909090909091,0.944101048105348,0.6465959785981286,0.33160621761658027,0.27995008040603425,0.901497642373751,0.29906226370009753,0.05801768609690374,0.1994349431814068,96,208,179,3513
3,Majority class (전부 정상),3996,0.09059059059059059,0.09059059059059059,0.09059059059059059,1.0,0.0,0.5,0.1661312528682882,0.0,,0.09059059059059059,0.09059059059059059,1.2515561701663875,362,3634,0,0
3,Naive rule (현재값>임계),3996,0.09059059059059059,0.8868868868868869,0.3756906077348066,0.3756906077348066,0.937809576224546,0.6567500919796763,0.3756906077348066,0.3135001839593526,0.847417499551504,0.313274310902309,0.19284699513378714,0.5360688604326386,136,226,226,3408
3,Logistic Regression,3996,0.09059059059059059,0.9099099099099099,0.502262443438914,0.6132596685082873,0.9394606494221244,0.7763601589652058,0.5522388059701493,0.5058040818983012,0.9230016085040912,0.5142778700010079,0.07337234668746208,0.2558458521651957,222,220,140,3414
3,Gaussian Naive Bayes,3996,0.09059059059059059,0.8668668668668669,0.373134328358209,0.6906077348066298,0.8844248761695102,0.7875163054880701,0.4844961240310077,0.4418152455732595,0.8748814146322181,0.3607547298853819,0.16463687292032855,1.4460308211454398,250,420,112,3214
3,k-NN (k=10),3996,0.09059059059059059,0.8853853853853854,0.42,0.6961325966850829,0.9042377545404513,0.8001851756127671,0.5239085239085238,0.48239913191778033,0.805948348470705,0.36359408215268957,0.06994994994994995,0.5014955466633652,252,348,110,3286
3,SVM (RBF),3996,0.09059059059059059,0.841091091091091,0.3069306930693069,0.5994475138121547,0.8651623555310952,0.7323049346716249,0.4059869036482694,0.3494568308368589,0.8353039282163239,0.33974608903147363,0.07156429166740998,0.244885292937336,217,490,145,3144
3,Decision Tree,3996,0.09059059059059059,0.8616116116116116,0.35239567233384855,0.6298342541436464,0.8847000550357732,0.7572671545897098,0.4519326065411298,0.4009141378490004,0.7961228666036237,0.37294937981022946,0.08353352644027248,0.8315883712233354,228,419,134,3215
3,Random Forest,3996,0.09059059059059059,0.9251751751751752,0.5573770491803278,0.8453038674033149,0.9331315354980737,0.8892177014506943,0.6717892425905598,0.6490266232671864,0.9575821659769457,0.6493252632980385,0.04698285153649695,0.15368289799812146,306,243,56,3391
3,Extra Trees,3996,0.09059059059059059,0.9269269269269269,0.575107296137339,0.7403314917127072,0.945514584479912,0.8429230380963095,0.6473429951690821,0.6133284268401037,0.9530873244404444,0.6114661834500922,0.04948721853645843,0.15515618574867432,268,198,94,3436
3,Extra Trees + 클래스가중 (제출 모델),3996,0.09059059059059059,0.924924924924925,0.5738095238095238,0.6657458563535912,0.9507429829389102,0.8082444196462507,0.6163682864450128,0.5769637996943648,0.9511416882299462,0.5922469339750613,0.04889519852670076,0.1531991524434935,241,179,121,3455
3,Gradient Boosting,3996,0.09059059059059059,0.9201701701701702,0.5460385438972163,0.7044198895027625,0.941662080352229,0.8230409849274958,0.615199034981906,0.5772316007598345,0.9429258506979813,0.5946508891467321,0.04987152542850809,0.16272318042095787,255,212,107,3422
3,HistGradientBoosting,3996,0.09059059059059059,0.9156656656656657,0.5235404896421846,0.7679558011049724,0.930379746835443,0.8491677739702077,0.6226203807390818,0.5904892785534137,0.9355260477321309,0.5883000917029396,0.05684940988473384,0.2108305782633313,278,253,84,3381
3,"MLP (64,32)",3996,0.09059059059059059,0.9004004004004004,0.45544554455445546,0.5082872928176796,0.9394606494221244,0.723873971119902,0.48041775456919067,0.426306052684083,0.9037406081909041,0.43716249249410133,0.07613942737964564,0.3313492866464981,184,220,178,3414
4,Majority class (전부 정상),3996,0.031031031031031032,0.031031031031031032,0.031031031031031032,1.0,0.0,0.5,0.06019417475728155,0.0,,0.031031031031031032,0.031031031031031032,0.42871050580317976,124,3872,0,0
4,Naive rule (현재값>임계),3996,0.031031031031031032,0.9331831831831832,0.16744186046511628,0.2903225806451613,0.9537706611570248,0.6220466209010931,0.21238938053097345,0.1875908725909004,0.8254934100906426,0.12156537604379408,0.19659126475213246,0.5396835412916502,36,179,88,3693
4,Logistic Regression,3996,0.031031031031031032,0.9036536536536537,0.17936117936117937,0.5887096774193549,0.9137396694214877,0.7512246734204213,0.27495291902071567,0.2880625952825871,0.9103863969608104,0.1930690251348026,0.03030819911978194,0.10475447384433538,73,334,51,3538
4,Gaussian Naive Bayes,3996,0.031031031031031032,0.8506006006006006,0.10385259631490787,0.5,0.8618285123966942,0.6809142561983471,0.17198335644937587,0.17600238610817615,0.8299453479072247,0.11412586331467704,0.20372220051605106,1.9280024113600827,62,535,62,3337
4,k-NN (k=10),3996,0.031031031031031032,0.8433433433433434,0.13623188405797101,0.7580645161290323,0.8460743801652892,0.8020694481471607,0.23095823095823095,0.27716561102394494,0.8388034024260198,0.1471021387276491,0.041083583583583584,0.20254582626486048,94,596,30,3276
4,SVM (RBF),3996,0.031031031031031032,0.7725225225225225,0.09410548086866598,0.7338709677419355,0.7737603305785123,0.7538156491602239,0.16681943171402383,0.20552470529368086,0.8374204378832312,0.15341039983172922,0.05895155948342872,0.210990589907736,91,876,33,2996
4,Decision Tree,3996,0.031031031031031032,0.8823823823823824,0.154,0.6209677419354839,0.890754132231405,0.7558609370834444,0.24679487179487178,0.26818950861857516,0.8104224290189282,0.14950895992998192,0.08609413670094887,0.86810463865772,77,423,47,3449
4,Random Forest,3996,0.031031031031031032,0.913913913913914,0.229064039408867,0.75,0.9191632231404959,0.834581611570248,0.35094339622641507,0.38406111655027836,0.9392516162356704,0.2523946611738355,0.04403193954067235,0.14745530770839166,93,313,31,3559
4,Extra Trees,3996,0.031031031031031032,0.9041541541541541,0.2141280353200883,0.782258064516129,0.9080578512396694,0.8451579578778992,0.33622183708838826,0.3775649978331854,0.9379977839242869,0.23670159479107022,0.04127333337219651,0.13197708007035042,97,356,27,3516
4,Extra Trees + 클래스가중 (제출 모델),3996,0.031031031031031032,0.8993993993993994,0.20675105485232068,0.7903225806451613,0.9028925619834711,0.8466075713143162,0.3277591973244147,0.3717600442327166,0.9375895594508131,0.23980946313768456,0.05071635047444129,0.15486023303645538,98,376,26,3496
4,Gradient Boosting,3996,0.031031031031031032,0.9126626626626627,0.1967654986522911,0.5887096774193549,0.9230371900826446,0.7558734337509998,0.2949494949494949,0.3057685048126065,0.9275464042921888,0.22181443064189754,0.0482255828274114,0.15491625186990562,73,298,51,3574
4,HistGradientBoosting,3996,0.031031031031031032,0.8808808808808809,0.18683274021352314,0.8467741935483871,0.8819731404958677,0.8643736670221274,0.30612244897959184,0.3634855852394246,0.9369147394028259,0.24415493569886224,0.04647672539730484,0.14190203832053405,105,457,19,3415
4,"MLP (64,32)",3996,0.031031031031031032,0.8848848848848849,0.14705882352941177,0.5645161290322581,0.8951446280991735,0.7298303785657159,0.2333333333333333,0.24606006640366346,0.8712739102905893,0.15272361439584986,0.051636723577723954,0.18244205918768888,70,406,54,3466
