fold,model,n,mae,rmse,mape,smape,mase,r2,mae_peak
0,Naive (직전값),3996,16.956206206206208,27.534049354823818,18.877682136577246,16.98632098919757,0.3836263533521236,0.7700333041253056,33.46586345381526
0,Seasonal naive (24h 전),3996,51.091591591591595,70.55449976746655,116.76937537611619,61.59715353650147,1.1559237208417765,-0.5099904701706834,85.66265060240964
0,Linear Regression,3996,16.829595397474076,24.004760599793325,32.31830055198654,24.824079417044306,0.3807618421366907,0.8252088134753698,30.37336294808669
0,Ridge,3996,16.826729179521575,24.003128131629833,32.30962541122221,24.814390263599783,0.3806969952760393,0.8252325863718851,30.37057237235071
0,Lasso,3996,16.797551181117356,23.98125818736329,32.19285707735061,24.732044642360414,0.3800368565050312,0.8255509125781496,30.372002914696925
0,ElasticNet,3996,16.76548406956828,23.966684017617588,32.075425233106074,24.602831018370367,0.37931135288019296,0.8257628846130071,30.37399564804912
0,k-NN (k=10),3996,11.958383383383383,19.770379369157293,16.36316207672743,14.03368791435479,0.2705529145826788,0.8814354715948264,26.656626506024097
0,SVR (RBF),3996,16.82327555699417,26.995936579879267,22.270231420791596,20.330842726815384,0.38061885865750966,0.7789341946677037,35.169757567774234
0,Decision Tree,3996,7.166626447876447,15.96777546847563,10.989803391359185,8.843418915325891,0.16214162157508086,0.9226583190988026,12.635494358385925
0,Random Forest,3996,5.961650072059794,12.5940247487861,10.785132478524973,9.084677795180664,0.13487958622894272,0.9518879505533722,13.522110363086265
0,Extra Trees,3996,5.84048477644311,13.519404926289697,10.644298900354288,8.855432552352188,0.13213827723889,0.9445578677720005,16.198572066041947
0,Gradient Boosting,3996,10.147704087963715,17.238301943301018,17.502680225362333,14.220845565840602,0.2295871297399705,0.9098607917162913,23.151932194184358
0,HistGradientBoosting,3996,7.909117156689791,14.49059079312821,14.029960158358188,11.659359791036273,0.17894013178166476,0.9363062297479747,16.64779574526941
0,"MLP (64,32)",3996,19.703639527446132,32.81590169021864,26.509969967661217,23.497954707811715,0.44578576644770224,0.6733418815378658,49.12534162638139
0,HistGBM + 극단가중 (제출 모델),3996,8.371739950077565,14.862288726333782,15.746347787632404,12.895514392693618,0.18940675934249065,0.9329967050189494,14.778686346745143
1,Naive (직전값),3996,18.37912912912913,29.648039669702552,20.313601252064636,18.563109116973664,0.4162620593053469,0.7043265050274554,51.088
1,Seasonal naive (24h 전),3996,52.3521021021021,70.64101431111322,114.35121921691207,65.56425981620761,1.185703287510304,-0.6785499975082669,84.776
1,Linear Regression,3996,16.58064715043527,23.649702607257588,28.05328606604796,24.651917284544854,0.3755289099371246,0.8118640474997338,42.87944446684147
1,Ridge,3996,16.579439499920262,23.64805322973526,28.052124147105435,24.644923596238293,0.3755015583098105,0.811890288539262,42.87423645048536
1,Lasso,3996,16.559261895321058,23.634491269289942,28.023109545034124,24.50909841484051,0.3750445632485482,0.8121059853591005,42.71264154543248
1,ElasticNet,3996,16.534924036638,23.593575791270645,28.00296298498539,24.34856500945826,0.37449334413999774,0.8127559776852974,42.627221578820325
1,k-NN (k=10),3996,13.414764764764765,21.954611815743405,24.540182191216754,16.96877885379282,0.30382601737247716,0.8378668001387872,25.476799999999997
1,SVR (RBF),3996,11.865722312137493,19.19513109106539,17.33614381819124,14.930650214262034,0.2687423310480758,0.8760625393739014,34.35862107632649
1,Decision Tree,3996,13.61443189220967,26.62227612377705,26.12484562664606,15.285002693644275,0.30834820387336376,0.7615975051706174,21.848317460317457
1,Random Forest,3996,9.051525702655333,14.697288873731019,16.21774725041197,12.905423614152264,0.20500463881452244,0.9273400843659203,16.808281743145745
1,Extra Trees,3996,11.137651151151152,18.74024609298158,27.13624521713954,18.08408695183046,0.25225251813780714,0.8818670612119751,18.259395555555564
1,Gradient Boosting,3996,11.782752543246247,17.227770013310057,22.19811543073826,18.140281919834624,0.26686317961407124,0.900165979911133,27.698934618525268
1,HistGradientBoosting,3996,10.661487374427885,16.505485551560785,20.96056612974739,16.109622599689548,0.24146806187370176,0.9083616969813177,22.633701308127655
1,"MLP (64,32)",3996,19.369550206487393,29.379507952099818,43.185297516111866,26.7987691844361,0.4386937378872855,0.7096582670719125,32.78222508976297
1,HistGBM + 극단가중 (제출 모델),3996,10.620138203780266,17.13635961499841,22.169238785246765,16.391875001433025,0.24053155988803007,0.9012226061195536,20.261861270488357
2,Naive (직전값),3996,16.924424424424423,27.366172684674183,17.802176096258325,16.81798148876375,0.3886684020736263,0.755794157144602,32.43636363636364
2,Seasonal naive (24h 전),3996,48.067067067067065,67.39700554443318,104.66602582183087,58.684818708395326,1.1038573413676451,-0.481184391530705,77.9309090909091
2,Linear Regression,3996,14.635861892516902,20.842247190258426,23.94971053618003,22.50274134075026,0.3361116994044116,0.8583498596572086,28.078856767472033
2,Ridge,3996,14.635792406037956,20.842300081629723,23.94742931704635,22.49859790663148,0.3361101036515482,0.8583491407251658,28.080898525796336
2,Lasso,3996,14.611696548086154,20.82972886226182,23.8751983188023,22.32864820986059,0.33555674370429917,0.8585199651532593,28.0054258933769
2,ElasticNet,3996,14.6244974050707,20.844060646547554,23.802868621222654,22.204809706980562,0.33585071462493954,0.8583252090031068,28.14332871526446
2,k-NN (k=10),3996,9.763038038038038,14.977197299192495,12.799932300290513,11.547040882120635,0.22420758889455258,0.9268542619613791,15.243636363636364
2,SVR (RBF),3996,10.305914873648797,16.952890552212178,12.858689026459619,11.568826277700861,0.23667472319278715,0.9062836337638794,21.529710687984167
2,Decision Tree,3996,5.426990184629074,11.938005667460157,7.921977980406893,6.942464536109844,0.12463050737991467,0.9535279868978929,5.667744588744588
2,Random Forest,3996,4.386412775195182,8.929442227898546,7.595098852942293,6.293141141715703,0.1007337089532031,0.9739998060252065,4.729105585727405
2,Extra Trees,3996,3.7155872400177956,8.472767912789857,6.650933894446956,5.215283195132267,0.08532824036596358,0.9765912326665341,4.5146575757575755
2,Gradient Boosting,3996,8.608161807111344,13.410282259514991,14.059874306149812,11.931008878876332,0.19768592481838382,0.9413586766511065,13.914563443128632
2,HistGradientBoosting,3996,6.13202243836652,9.611752040333892,9.769948545635286,8.664823843619793,0.14082153122797206,0.9698745847797073,8.554613738658862
2,"MLP (64,32)",3996,9.93910116249872,14.450467363104567,14.637321529545646,12.666044019394244,0.22825086809461023,0.9319086865883275,14.784395680922879
2,HistGBM + 극단가중 (제출 모델),3996,6.215724389749458,10.302999794332381,9.79682932380634,8.745403887938984,0.142743741571947,0.9653857196548906,6.900645828526492
3,Naive (직전값),3996,17.52852852852853,28.741756880688218,16.88131580946992,15.741202459839995,0.4100717431008435,0.7813689634301595,30.165745856353592
3,Seasonal naive (24h 전),3996,45.89514514514514,67.08664075184691,93.93091791190635,50.324317245902336,1.073695498107838,-0.1911248428124659,64.32596685082873
3,Linear Regression,3996,16.225862836824433,22.593976868751454,26.26711660540047,23.130959827688343,0.3795964872911302,0.8648952710536005,30.77906337348023
3,Ridge,3996,16.225790236174774,22.594040338522202,26.264905547348384,23.12920291372384,0.3795947888328194,0.8648945119948241,30.78205745788457
3,Lasso,3996,16.214621284157104,22.591027047862056,26.16669912444897,23.05911374338701,0.3793334964137186,0.864930546714729,30.85697201221559
3,ElasticNet,3996,16.216358517030155,22.60082791326349,26.06461865848325,22.967304723669415,0.3793741381658922,0.8648133245374376,30.997620805655327
3,k-NN (k=10),3996,11.514314314314314,18.16232350210168,15.267285475370532,12.32349278574127,0.26937200882533163,0.9126972337648871,20.263259668508287
3,SVR (RBF),3996,11.29274438792347,18.166308395840833,12.881859323363958,11.629601359702523,0.26418848382002724,0.9126589203397258,26.491917698969473
3,Decision Tree,3996,10.127226730698954,18.98497307452646,15.292994442526279,10.906271847441987,0.23692174226011886,0.9046094919214805,16.446272910637553
3,Random Forest,3996,7.888926253984125,13.309553513633464,10.911443488740574,9.12943722636966,0.18455774738307992,0.9531173486424284,15.59509620653543
3,Extra Trees,3996,7.399969427761095,12.993595235514293,10.357766215255685,8.47488940217422,0.17311883066488543,0.9553168420785548,15.009892572130143
3,Gradient Boosting,3996,11.686251995266977,16.724268050682504,22.62024029743857,16.904933637359132,0.2733944106155459,0.9259748271395725,19.45326946281377
3,HistGradientBoosting,3996,8.39757782624018,12.976544037662286,11.803704970687539,10.208073301807778,0.19645741349176357,0.9554340385033627,16.99951727994748
3,"MLP (64,32)",3996,10.154109726554129,15.603408052211947,14.568664763145595,13.027196714386957,0.23755065739992437,0.9355646602058018,20.701323837458105
3,HistGBM + 극단가중 (제출 모델),3996,8.6182378365888,13.705967772925161,12.781567063530366,10.729319443772251,0.20161965143598334,0.9502830356284326,14.164077104339905
4,Naive (직전값),3996,16.565815815815817,27.42009503286981,16.15782706471088,15.73797901747756,0.3965897006204686,0.7944853855074291,35.806451612903224
4,Seasonal naive (24h 전),3996,42.885885885885884,64.26228007657868,75.62999438049553,53.58642624142204,1.0266986445719735,-0.12880015570275916,69.88709677419355
4,Linear Regression,3996,15.270544915804024,20.957226597789322,26.402951782675498,26.74345564169196,0.3655805970441963,0.8799471656616354,35.32262487639946
4,Ridge,3996,15.269617520615064,20.95653816624388,26.398772485264477,26.739986098354958,0.36555839497552456,0.8799550528503741,35.323160725460646
4,Lasso,3996,15.208945948602324,20.91218943926632,26.188403879875437,26.550149526518602,0.36410590263538073,0.8804625992136748,35.20322661173121
4,ElasticNet,3996,15.170587425440681,20.887639044136463,25.96551895942566,26.381326456574882,0.363187590166737,0.8807431023913546,35.303971838975876
4,k-NN (k=10),3996,9.135785785785785,14.395547463948246,10.553470573218378,14.096248785153117,0.21871295624682682,0.9433550534907568,21.22096774193549
4,SVR (RBF),3996,9.783577420052408,16.794730024080287,11.045953790855306,13.96151002273251,0.23422124712453704,0.9229006257411153,22.69376261922634
4,Decision Tree,3996,8.609039595150705,14.255575211604201,10.625264492546785,13.252088702151152,0.20610252302883256,0.9444512499493178,15.718804403481823
4,Random Forest,3996,6.624526709329951,10.830929439771584,8.331295052271773,11.429223737625675,0.15859279697515338,0.9679346302239307,15.72043285194495
4,Extra Trees,3996,6.237641822377933,10.23478413956052,7.354149114118805,10.719015888132775,0.14933067772930275,0.9713673084791156,14.513290770609318
4,Gradient Boosting,3996,8.863763176600557,13.84657979192615,14.02177848247683,15.611178135483673,0.21220066815077235,0.9475929366148749,23.69994763052728
4,HistGradientBoosting,3996,6.528299848183803,10.452976261667969,8.12362900271702,11.613966766151382,0.15628910227771728,0.9701334727469375,16.793878874714824
4,"MLP (64,32)",3996,9.157626098559344,13.935908305338218,11.875142609236384,15.493815722399901,0.219235818700486,0.9469145675373543,23.320782826555227
4,HistGBM + 극단가중 (제출 모델),3996,6.745659303282121,10.576956043017589,9.075400165078069,12.275649000598557,0.16149274103495678,0.9694207944389509,13.1798812053273
