window,variant,model,n,prevalence,precision,recall,f1,mcc,pr_auc,roc_auc,f1_best_threshold,alerts_per_day,tp,fp,fn,tn
all_2021,V0 base(43),ExtraTrees,19980,0.05680680680680681,0.4373947220662549,0.6863436123348018,0.5342935528120712,0.51435465373401,0.4362117643142992,0.9412429710027199,0.5430197522597924,8.557357357357358,779,1002,356,17843
all_2021,V0 base(43),HistGBM,19980,0.05680680680680681,0.42167957117331745,0.6237885462555066,0.5031982942430704,0.477451065429915,0.4560771530138442,0.932345110763322,0.5142514251425142,8.067267267267267,708,971,427,17874
all_2021,V0 base(43),RandomForest,19980,0.05680680680680681,0.5156562291805463,0.6819383259911894,0.5872534142640364,0.5649640128403556,0.5177826473991045,0.9470479438685403,0.5848543689320389,7.2120120120120115,774,727,361,18118
all_2021,V0 base(43),SoftVote,19980,0.05680680680680681,0.4497863247863248,0.7418502202643171,0.5600266045892917,0.5458672978890697,0.49939426540129583,0.9454173216934345,0.5541481950601647,8.994594594594595,842,1030,293,17815
all_2021,V1 +margin,ExtraTrees,19980,0.05680680680680681,0.4919717405266538,0.6748898678414097,0.5690936106983656,0.5465344023828017,0.5291937306089954,0.9496849442998354,0.5886426592797784,7.481081081081081,766,791,369,18054
all_2021,V1 +margin,HistGBM,19980,0.05680680680680681,0.3872962338392355,0.6070484581497797,0.47288949897048727,0.4463724699369651,0.4716630474222031,0.9282286634648764,0.4903047091412742,8.547747747747747,689,1090,446,17755
all_2021,V1 +margin,RandomForest,19980,0.05680680680680681,0.5508666164280331,0.6440528634361233,0.5938261575954508,0.5692986123602638,0.5623264927302414,0.953907614050631,0.5934306569343065,6.375975975975976,731,596,404,18249
all_2021,V1 +margin,SoftVote,19980,0.05680680680680681,0.4858064516129032,0.6634361233480176,0.5608938547486033,0.5374766434379562,0.5560922821361682,0.9519274442676927,0.5899681528662419,7.4474474474474475,753,797,382,18048
all_2021,V2 +margin+피크이력,ExtraTrees,19980,0.05680680680680681,0.5254582484725051,0.6819383259911894,0.593558282208589,0.5711929000616854,0.5341000364926367,0.9488231492011693,0.6003407155025554,7.077477477477478,774,699,361,18146
all_2021,V2 +margin+피크이력,HistGBM,19980,0.05680680680680681,0.42963885429638854,0.6079295154185022,0.5034658883619116,0.4761936859117074,0.4924685244607343,0.9331850722857347,0.5260439087386999,7.716516516516517,690,916,445,17929
all_2021,V2 +margin+피크이력,RandomForest,19980,0.05680680680680681,0.5887372013651877,0.6079295154185022,0.5981794538361509,0.573649720972676,0.5598907884237645,0.954373716488441,0.6097750193948798,5.631231231231231,690,482,445,18363
all_2021,V2 +margin+피크이력,SoftVote,19980,0.05680680680680681,0.49902534113060426,0.6766519823788546,0.5744203440538519,0.5519039458338018,0.5506984855231283,0.9520967596775457,0.5873271148279189,7.3945945945945954,768,771,367,18074
all_2021,V3 +margin+예측마진,ExtraTrees,19980,0.05680680680680681,0.5370517928286852,0.5938325991189427,0.5640167364016736,0.5371224084497483,0.5487604010880032,0.9489695323430303,0.5795918367346939,6.03003003003003,674,581,461,18264
all_2021,V3 +margin+예측마진,HistGBM,19980,0.05680680680680681,0.5184294871794872,0.5700440528634361,0.5430130088124213,0.5147564992963186,0.4853914889353914,0.9021192828581881,0.5488257107540172,5.996396396396396,647,601,488,18244
all_2021,V3 +margin+예측마진,RandomForest,19980,0.05680680680680681,0.5426621160409556,0.560352422907489,0.5513654096228869,0.5239609644917054,0.5612156813618702,0.9450177485468633,0.566530612244898,5.631231231231231,636,536,499,18309
all_2021,V3 +margin+예측마진,SoftVote,19980,0.05680680680680681,0.5478547854785478,0.5850220264317181,0.5658287175117171,0.5390955195913381,0.541945802893489,0.9464341258329311,0.5696148963182395,5.8234234234234235,664,548,471,18297
all_2021,V4 +margin+시간대피크율,ExtraTrees,19980,0.05680680680680681,0.5111256544502618,0.6881057268722467,0.5865565152084117,0.5648071559839584,0.524982693141586,0.9497851356358328,0.5838709677419355,7.341741741741741,781,747,354,18098
all_2021,V4 +margin+시간대피크율,HistGBM,19980,0.05680680680680681,0.38956043956043956,0.6246696035242291,0.47986463620981384,0.45509289954481164,0.48391376763784055,0.9274723193967015,0.5028265397203213,8.744744744744745,709,1111,426,17734
all_2021,V4 +margin+시간대피크율,RandomForest,19980,0.05680680680680681,0.5580882352941177,0.6687224669603524,0.6084168336673347,0.5852759967104647,0.5715647882418389,0.9549414128474467,0.6122118883946623,6.534534534534535,759,601,376,18244
all_2021,V4 +margin+시간대피크율,SoftVote,19980,0.05680680680680681,0.49008317338451696,0.6748898678414097,0.5678280207561156,0.5452987823579187,0.5440222143398614,0.9522789788712228,0.5884831460674158,7.50990990990991,766,797,369,18048
all_2021,V5 전부,ExtraTrees,19980,0.05680680680680681,0.528040786598689,0.6387665198237885,0.5781499202551834,0.5530102374020717,0.5512594530223635,0.9490787002242966,0.5988990825688074,6.596996996996998,725,648,410,18197
all_2021,V5 전부,HistGBM,19980,0.05680680680680681,0.5130932896890343,0.5524229074889868,0.5320322443784471,0.5031290837484389,0.4925725361270172,0.8905671002602965,0.5327174749807544,5.871471471471471,627,595,508,18250
all_2021,V5 전부,RandomForest,19980,0.05680680680680681,0.5310402684563759,0.5577092511013216,0.5440481306403094,0.5160473218037319,0.5327631298131912,0.9458403647656574,0.5628220372572335,5.727327327327327,633,559,502,18286
all_2021,V5 전부,SoftVote,19980,0.05680680680680681,0.5244274809160305,0.6052863436123348,0.561963190184049,0.535126766779893,0.5405390550609602,0.947873318504891,0.5816703621581671,6.294294294294294,687,623,448,18222
clean_Jul_Sep,V0 base(43),ExtraTrees,7288,0.05749176728869374,0.35876042908224076,0.7183770883054893,0.4785373608903021,0.4668134328003673,0.40889032861745944,0.9364637083142382,0.503903477643719,11.051591657519209,301,538,118,6331
clean_Jul_Sep,V0 base(43),HistGBM,7288,0.05749176728869374,0.32205128205128203,0.7494033412887828,0.45050215208034433,0.44664491383825494,0.38119569254735275,0.9106332243613953,0.4552129221732746,12.843029637760704,314,661,105,6208
clean_Jul_Sep,V0 base(43),RandomForest,7288,0.05749176728869374,0.37682789651293586,0.7995226730310262,0.5122324159021406,0.5113255291494011,0.4487578956077502,0.9439036576421133,0.5141065830721003,11.710208562019758,335,554,84,6315
clean_Jul_Sep,V0 base(43),SoftVote,7288,0.05749176728869374,0.35268817204301073,0.7828162291169452,0.486286137879911,0.48500573123433455,0.4344325456433258,0.9411028622593081,0.4964336661911555,12.25027442371021,328,602,91,6267
clean_Jul_Sep,V1 +margin,ExtraTrees,7288,0.05749176728869374,0.394990366088632,0.4892601431980907,0.4371002132196162,0.4014652783415442,0.41478725394416277,0.9321431661252815,0.5066430469441984,6.836443468715697,205,314,214,6555
clean_Jul_Sep,V1 +margin,HistGBM,7288,0.05749176728869374,0.3005050505050505,0.2840095465393795,0.2920245398773006,0.25024163322334597,0.3164656278146898,0.8899681075538782,0.4672897196261683,5.216245883644347,119,277,300,6592
clean_Jul_Sep,V1 +margin,RandomForest,7288,0.05749176728869374,0.4044750430292599,0.5608591885441527,0.47000000000000003,0.43871961302553475,0.4415159729813837,0.9406954769986287,0.5102954341987467,7.653128430296379,235,346,184,6523
clean_Jul_Sep,V1 +margin,SoftVote,7288,0.05749176728869374,0.4018475750577367,0.4152744630071599,0.4084507042253521,0.37179386993313396,0.42308786710147545,0.9373615194132541,0.5197305101058711,5.703622392974753,174,259,245,6610
clean_Jul_Sep,V2 +margin+피크이력,ExtraTrees,7288,0.05749176728869374,0.43352601156069365,0.5369928400954654,0.47974413646055436,0.44730464979529955,0.42232317658919183,0.9338962256841381,0.5282093213409649,6.836443468715697,225,294,194,6575
clean_Jul_Sep,V2 +margin+피크이력,HistGBM,7288,0.05749176728869374,0.3523573200992556,0.33890214797136037,0.34549878345498786,0.3064638017769347,0.3251202124476231,0.8950674591772173,0.4685258964143427,5.308452250274424,142,261,277,6608
clean_Jul_Sep,V2 +margin+피크이력,RandomForest,7288,0.05749176728869374,0.43737574552683894,0.5250596658711217,0.47722342733188716,0.44433920965888346,0.4612979806031411,0.9413669243472542,0.5361010830324909,6.625686059275521,220,283,199,6586
clean_Jul_Sep,V2 +margin+피크이력,SoftVote,7288,0.05749176728869374,0.4100418410041841,0.4677804295942721,0.43701226309921964,0.4012506939058328,0.4142706005960244,0.9347071742542243,0.5297029702970297,6.2963776070252475,196,282,223,6587
clean_Jul_Sep,V3 +margin+예측마진,ExtraTrees,7288,0.05749176728869374,0.34190231362467866,0.31742243436754175,0.3292079207920792,0.2901229061207475,0.38379004827226915,0.9180222722473177,0.4980422866092404,5.12403951701427,133,256,286,6613
clean_Jul_Sep,V3 +margin+예측마진,HistGBM,7288,0.05749176728869374,0.34285714285714286,0.2863961813842482,0.3120936280884265,0.27534217972000036,0.28032367976822337,0.799282411276007,0.37980406932931426,4.6103183315038425,120,230,299,6639
clean_Jul_Sep,V3 +margin+예측마진,RandomForest,7288,0.05749176728869374,0.36551724137931035,0.2529832935560859,0.29901269393511987,0.269372501202912,0.3460370504182064,0.9038900862405932,0.43851132686084143,3.8199780461031834,106,184,313,6685
clean_Jul_Sep,V3 +margin+예측마진,SoftVote,7288,0.05749176728869374,0.35174418604651164,0.28878281622911695,0.3171690694626474,0.2813513484274772,0.3635314076201288,0.9122372278206088,0.4747690120824449,4.531284302963776,121,223,298,6646
clean_Jul_Sep,V4 +margin+시간대피크율,ExtraTrees,7288,0.05749176728869374,0.41935483870967744,0.5584725536992841,0.4790174002047083,0.44761891142392957,0.4313445338681214,0.9348209641671221,0.5196607555898226,7.350164654226125,234,324,185,6545
clean_Jul_Sep,V4 +margin+시간대피크율,HistGBM,7288,0.05749176728869374,0.3109048723897912,0.3198090692124105,0.31529411764705884,0.2729324822643018,0.31823060510060486,0.8869421644960878,0.4603508771929825,5.677277716794731,134,297,285,6572
clean_Jul_Sep,V4 +margin+시간대피크율,RandomForest,7288,0.05749176728869374,0.4238178633975482,0.5775656324582339,0.4888888888888889,0.4588310840678129,0.44833413495720276,0.9406998201250751,0.5291005291005292,7.521405049396268,242,329,177,6540
clean_Jul_Sep,V4 +margin+시간대피크율,SoftVote,7288,0.05749176728869374,0.38276553106212424,0.45584725536992843,0.41612200435729846,0.3788357865887927,0.41806579207057204,0.9353841808047014,0.5107438016528926,6.572996706915477,191,308,228,6561
clean_Jul_Sep,V5 전부,ExtraTrees,7288,0.05749176728869374,0.3970223325062035,0.3818615751789976,0.38929440389294406,0.35288566888950745,0.40427634384413563,0.9204391352522541,0.5044865403788634,5.308452250274424,160,243,259,6626
clean_Jul_Sep,V5 전부,HistGBM,7288,0.05749176728869374,0.31142857142857144,0.26014319809069214,0.2834850455136541,0.2450175079009664,0.2611361146508438,0.7642410247554734,0.365625,4.6103183315038425,109,241,310,6628
clean_Jul_Sep,V5 전부,RandomForest,7288,0.05749176728869374,0.332378223495702,0.27684964200477324,0.3020833333333333,0.2648330648189674,0.34193741135900707,0.9095342396453785,0.4438280166435506,4.597145993413831,116,233,303,6636
clean_Jul_Sep,V5 전부,SoftVote,7288,0.05749176728869374,0.3316708229426434,0.31742243436754175,0.32439024390243903,0.28421435895264757,0.36857090448454793,0.9155121188863111,0.4646864686468647,5.282107574094401,133,268,286,6601
