window,label,label_desc,model,n,prevalence,accuracy,precision,recall,specificity,balanced_accuracy,f1,mcc,roc_auc,pr_auc,brier,event_recall,n_events,alerts_per_day,tp,fp,fn,tn
all_2021,L_step60,정확히 60분 뒤 그 슬롯 (종전),Random Forest,19980,0.05680680680680681,0.9521021021021021,0.5696400625978091,0.641409691629956,0.9708145396656939,0.8061121156478249,0.6033982594280978,0.5791580044162713,0.954373716488441,0.5598907884237645,0.03362493149869887,0.748995983935743,498,6.14054054054054,728,550,407,18295
clean_Jul_Sep,L_step60,정확히 60분 뒤 그 슬롯 (종전),Random Forest,7288,0.05749176728869374,0.9337266739846323,0.4413919413919414,0.5751789976133651,0.9555976124617849,0.7653883050375749,0.499481865284974,0.4693262555190032,0.9413669243472542,0.4612979806031411,0.04202885463727613,0.7741935483870968,186,7.192096597145993,241,305,178,6564
all_2021,L_step60,정확히 60분 뒤 그 슬롯 (종전),Extra Trees,19980,0.05680680680680681,0.9491991991991992,0.55,0.5814977973568282,0.9713451843990448,0.7764214908779365,0.5653104925053535,0.538591363837501,0.9488231492011693,0.5341000364926367,0.0353179852480655,0.7068273092369478,498,5.7657657657657655,660,540,475,18305
clean_Jul_Sep,L_step60,정확히 60분 뒤 그 슬롯 (종전),Extra Trees,7288,0.05749176728869374,0.9333150384193194,0.4349514563106796,0.5346062052505967,0.9576357548405882,0.7461209800455924,0.4796573875802998,0.4471345703464966,0.9338962256841381,0.42232317658919183,0.04372543514948532,0.8064516129032258,186,6.783754116355654,224,291,195,6578
all_2021,L_step60,정확히 60분 뒤 그 슬롯 (종전),HistGradientBoosting,19980,0.05680680680680681,0.9459459459459459,0.5256290773532153,0.49691629955947136,0.972990183072433,0.7349532413159522,0.5108695652173912,0.4824988304565113,0.9331850722857347,0.4924685244607343,0.03762628083459224,0.678714859437751,498,5.155555555555556,564,509,571,18336
clean_Jul_Sep,L_step60,정확히 60분 뒤 그 슬롯 (종전),HistGradientBoosting,7288,0.05749176728869374,0.9261800219538968,0.3523573200992556,0.33890214797136037,0.9620032027951667,0.6504526753832636,0.34549878345498786,0.3064638017769347,0.8950674591772173,0.3251202124476231,0.04589888786203658,0.6827956989247311,186,5.308452250274424,142,261,277,6608
all_2021,L_step60,정확히 60분 뒤 그 슬롯 (종전),Logistic Regression,19980,0.05680680680680681,0.9376376376376376,0.40826446280991735,0.21762114537444935,0.9810029185460334,0.5993120319602414,0.2839080459770115,0.2683053435960456,0.8921484683185223,0.32915329641486624,0.04463175945531852,0.3795180722891566,498,2.906906906906907,247,358,888,18487
clean_Jul_Sep,L_step60,정확히 60분 뒤 그 슬롯 (종전),Logistic Regression,7288,0.05749176728869374,0.9388035126234907,0.4354066985645933,0.2171837708830549,0.9828213713786578,0.6000025711308563,0.2898089171974523,0.278956080460216,0.89255574229069,0.33045571336134694,0.04722934974921913,0.41935483870967744,186,2.753018660812294,91,118,328,6751
all_2021,L_step60,정확히 60분 뒤 그 슬롯 (종전),persistence 규칙,19980,0.05680680680680681,0.8958458458458458,0.25618556701030926,0.43788546255506605,0.9234279649774476,0.6806567137662568,0.32325203252032514,0.28246261256647076,0.8193886598649076,0.2518957026436404,0.22029780877229788,0.7228915662650602,498,9.32132132132132,497,1443,638,17402
clean_Jul_Sep,L_step60,정확히 60분 뒤 그 슬롯 (종전),persistence 규칙,7288,0.05749176728869374,0.9176728869374314,0.3193612774451098,0.3818615751789976,0.9503566749162906,0.6661091250476441,0.3478260869565218,0.3056465291931231,0.8489314692866258,0.2559399146724514,0.19075977684841652,0.6559139784946236,186,6.599341383095499,160,341,259,6528
all_2021,L_step60,정확히 60분 뒤 그 슬롯 (종전),사전확률,19980,0.05680680680680681,0.5681181181181181,0.031156156156156155,0.21938325991189428,0.589121782966304,0.4042525214390992,0.05456338336802893,-0.09047992637866019,0.4204128275766952,0.04864464317474597,0.05457521316946242,0.28313253012048195,498,38.400000000000006,249,7743,886,11102
clean_Jul_Sep,L_step60,정확히 60분 뒤 그 슬롯 (종전),사전확률,7288,0.05749176728869374,0.428238199780461,0.031031031031031032,0.29594272076372313,0.43630805066239625,0.3661253857130597,0.05617214043035107,-0.12523892895303998,0.3661253857130597,0.04966090500718974,0.055421456101103855,0.3978494623655914,186,52.636663007683865,124,3872,295,2997
all_2021,L_win30,앞으로 30분 안에 발생,Random Forest,19980,0.08183183183183183,0.9477477477477477,0.6622734761120264,0.7376146788990826,0.9664758789860998,0.8520452789425912,0.6979166666666666,0.6705718522426984,0.9692956192181289,0.7447362603726861,0.03505714412930087,0.850253807106599,394,8.749549549549549,1206,615,429,17730
clean_Jul_Sep,L_win30,앞으로 30분 안에 발생,Random Forest,7288,0.08287596048298573,0.9345499451152579,0.593245227606461,0.6688741721854304,0.958557749850389,0.8137159610179097,0.6287937743190661,0.5943299158558485,0.9615222276386033,0.6737774587605909,0.04193140194090957,0.8571428571428571,147,8.970362239297476,404,277,200,6407
all_2021,L_win30,앞으로 30분 안에 발생,Extra Trees,19980,0.08183183183183183,0.9457457457457458,0.6584243818286372,0.7003058103975535,0.9676206050695012,0.8339632077335273,0.6787196206283344,0.6494896629076237,0.9685932304963564,0.7274295807385864,0.03622959554014933,0.8096446700507615,394,8.355555555555556,1145,594,490,17751
clean_Jul_Sep,L_win30,앞으로 30분 안에 발생,Extra Trees,7288,0.08287596048298573,0.9315312843029637,0.5688073394495413,0.7185430463576159,0.9507779772591263,0.8346605118083711,0.6349670811997074,0.6027242004349241,0.9615580203391711,0.6782820417780753,0.04218936483866012,0.8775510204081632,147,10.050493962678376,434,329,170,6355
all_2021,L_win30,앞으로 30분 안에 발생,HistGradientBoosting,19980,0.08183183183183183,0.9405905905905906,0.6284403669724771,0.6703363914373088,0.9646770237121831,0.817506707574746,0.6487126368748151,0.6166838920378229,0.9526442305688708,0.6598672173987787,0.04229100506478029,0.8223350253807107,394,8.379579579579579,1096,648,539,17697
clean_Jul_Sep,L_win30,앞으로 30분 안에 발생,HistGradientBoosting,7288,0.08287596048298573,0.9290614709110867,0.578096947935368,0.5331125827814569,0.9648414123279473,0.748976997554702,0.5546942291128337,0.5167238628017535,0.9322644815532596,0.5991184473608401,0.04921825386461741,0.7891156462585034,147,7.336992316136114,322,235,282,6449
all_2021,L_win30,앞으로 30분 안에 발생,Logistic Regression,19980,0.08183183183183183,0.9222722722722723,0.5250917992656059,0.5247706422018349,0.9576996456800217,0.7412351439409284,0.5249311716121138,0.48260474662991826,0.9307878305965428,0.5465349580301317,0.049340095562056076,0.7588832487309645,394,7.8510510510510505,858,776,777,17569
clean_Jul_Sep,L_win30,앞으로 30분 안에 발생,Logistic Regression,7288,0.08287596048298573,0.9330406147091108,0.6686046511627907,0.38079470198675497,0.9829443447037702,0.6818695233452626,0.48523206751054854,0.4728708433791087,0.9221994255333483,0.5655646013127072,0.05176601305306268,0.7074829931972789,147,4.531284302963776,230,114,374,6570
all_2021,L_win30,앞으로 30분 안에 발생,persistence 규칙,19980,0.08183183183183183,0.9035035035035035,0.44193420531113753,0.6819571865443425,0.9232488416462251,0.8026030140952838,0.5363155363155363,0.49943336290958956,0.9252395348081246,0.5652915376601771,0.19547172834219792,0.9060913705583756,394,12.122522522522523,1115,1408,520,16937
clean_Jul_Sep,L_win30,앞으로 30분 안에 발생,persistence 규칙,7288,0.08287596048298573,0.9235729967069155,0.5330520393811533,0.6274834437086093,0.9503291442250149,0.7889062939668121,0.5764258555133079,0.5368772083321206,0.9406700690786736,0.6132100341966729,0.16759927905348235,0.9455782312925171,147,9.365532381997806,379,332,225,6352
all_2021,L_win30,앞으로 30분 안에 발생,사전확률,19980,0.08183183183183183,0.4074574574574575,0.07440774107440774,0.545565749235474,0.3951485418370128,0.4703571455362434,0.13095500256918446,-0.03317161752523102,0.4276581124772143,0.0708802967085332,0.07680546457919636,0.5685279187817259,394,57.599999999999994,892,11096,743,7249
clean_Jul_Sep,L_win30,앞으로 30분 안에 발생,사전확률,7288,0.08287596048298573,0.08287596048298573,0.08287596048298573,1.0,0.0,0.5,0.15306639635073493,0.0,0.3788933541005307,0.07192463224923369,0.07799953269916123,1.0,147,96.0,604,6684,0,0
all_2021,L_win60,앞으로 1시간 안에 발생 (운영 정의),Random Forest,19980,0.11771771771771772,0.9359359359359359,0.7187755102040816,0.7487244897959183,0.9609144542772862,0.8548194720366022,0.7334443981674302,0.6972421291180045,0.9629884487264385,0.7629215982237212,0.04722298990455474,0.89198606271777,287,11.771771771771771,1761,689,591,16939
clean_Jul_Sep,L_win60,앞으로 1시간 안에 발생 (운영 정의),Random Forest,7288,0.1199231613611416,0.919456641053787,0.6416584402764067,0.7437070938215103,0.9434050514499532,0.8435560726357318,0.688924218335983,0.6452622103398606,0.9587529852817671,0.7296697072383016,0.05379269397490248,0.9047619047619048,105,13.34357848518112,650,363,224,6051
all_2021,L_win60,앞으로 1시간 안에 발생 (운영 정의),Extra Trees,19980,0.11771771771771772,0.9323323323323324,0.7011263073209976,0.7410714285714286,0.9578511459042433,0.849461287237836,0.7205456800330714,0.6824237365074349,0.9578440790316579,0.7472573846905814,0.0501499196034681,0.8710801393728222,287,11.944744744744744,1743,743,609,16885
clean_Jul_Sep,L_win60,앞으로 1시간 안에 발생 (운영 정의),Extra Trees,7288,0.1199231613611416,0.9197310647639956,0.6429277942631059,0.7437070938215103,0.9437168693483006,0.8437119815849055,0.6896551724137931,0.6460902976664683,0.9567428479891313,0.7360224744323601,0.05366033271356741,0.8857142857142857,105,13.317233809001099,650,361,224,6053
all_2021,L_win60,앞으로 1시간 안에 발생 (운영 정의),HistGradientBoosting,19980,0.11771771771771772,0.9126626626626627,0.6245383668444809,0.6471088435374149,0.9480939414567733,0.7976013924970942,0.6356233034036333,0.586145503832218,0.9422733709435669,0.6494897491544688,0.05941283241249527,0.8397212543554007,287,11.70930930930931,1522,915,830,16713
clean_Jul_Sep,L_win60,앞으로 1시간 안에 발생 (운영 정의),HistGradientBoosting,7288,0.1199231613611416,0.9042261251372119,0.5975609756097561,0.6167048054919908,0.9434050514499532,0.780054928470972,0.6069819819819818,0.5525552171195278,0.9349542155710584,0.6658956470690732,0.06252876136434508,0.8761904761904762,105,11.881448957189901,539,363,335,6051
all_2021,L_win60,앞으로 1시간 안에 발생 (운영 정의),Logistic Regression,19980,0.11771771771771772,0.9093593593593594,0.6143763213530655,0.6177721088435374,0.9482641252552757,0.7830181170494066,0.6160695357218572,0.5646866444141107,0.922508220726457,0.6072907973024055,0.06375120436168563,0.8571428571428571,287,11.363363363363362,1453,912,899,16716
clean_Jul_Sep,L_win60,앞으로 1시간 안에 발생 (운영 정의),Logistic Regression,7288,0.1199231613611416,0.9088913282107574,0.6767676767676768,0.459954233409611,0.9700654817586529,0.7150098575841319,0.547683923705722,0.510590211608473,0.9155293697496679,0.6386316090511334,0.06736632133789251,0.8095238095238095,105,7.82436882546652,402,192,472,6222
all_2021,L_win60,앞으로 1시간 안에 발생 (운영 정의),persistence 규칙,19980,0.11771771771771772,0.8913413413413414,0.5358699960364646,0.5748299319727891,0.9335715906512366,0.7542007613120129,0.5546666666666666,0.4932687368756595,0.8884644906294716,0.5825195809025562,0.1858135841365236,0.9024390243902439,287,12.122522522522523,1352,1171,1000,16457
clean_Jul_Sep,L_win60,앞으로 1시간 안에 발생 (운영 정의),persistence 규칙,7288,0.1199231613611416,0.9076564215148188,0.6413502109704642,0.5217391304347826,0.960243217960711,0.7409911741977468,0.5753943217665616,0.5277188486113886,0.9133446822204573,0.6273515499909652,0.1574311338292374,0.9619047619047619,105,9.365532381997806,456,255,418,6159
all_2021,L_win60,앞으로 1시간 안에 발생 (운영 정의),사전확률,19980,0.11771771771771772,0.4131131131131131,0.10902569235902569,0.5556972789115646,0.3940889493986839,0.47489311415512425,0.18228730822873082,-0.03303253611527926,0.436293084286131,0.10365878562803166,0.10667173402773175,0.6027874564459931,287,57.599999999999994,1307,10681,1045,6947
clean_Jul_Sep,L_win60,앞으로 1시간 안에 발생 (운영 정의),사전확률,7288,0.1199231613611416,0.1199231613611416,0.1199231613611416,1.0,0.0,0.5,0.21416319529527078,0.0,0.3906553812847897,0.10494415823887548,0.10881153471160282,1.0,105,96.0,874,6414,0,0
